ISO-10303-21;
HEADER;
FILE_DESCRIPTION (( 'STEP AP214' ),
    '1' );
FILE_NAME ('MIC29302WU.STEP',
    '2019-11-06T00:19:15',
    ( '' ),
    ( '' ),
    'SwSTEP 2.0',
    'SolidWorks 2017',
    '' );
FILE_SCHEMA (( 'AUTOMOTIVE_DESIGN' ));
ENDSEC;

DATA;
#1 = EDGE_CURVE ( 'NONE', #2723, #3054, #2791, .T. ) ;
#2 = DIRECTION ( 'NONE',  ( 0.0000000000000000000, -8.537024980200819800E-016, 1.000000000000000000 ) ) ;
#3 = AXIS2_PLACEMENT_3D ( 'NONE', #2081, #280, #555 ) ;
#4 = LINE ( 'NONE', #1722, #1029 ) ;
#5 = DIRECTION ( 'NONE',  ( -1.000000000000000000, -0.0000000000000000000, -0.0000000000000000000 ) ) ;
#6 = CIRCLE ( 'NONE', #444, 0.5715000000000003400 ) ;
#7 = AXIS2_PLACEMENT_3D ( 'NONE', #26, #577, #1363 ) ;
#8 = LINE ( 'NONE', #2801, #1118 ) ;
#9 = CARTESIAN_POINT ( 'NONE',  ( 1.968500000000000600, 8.458199999999996200, 0.0000000000000000000 ) ) ;
#10 = DIRECTION ( 'NONE',  ( -1.000000000000000000, -0.0000000000000000000, -0.0000000000000000000 ) ) ;
#11 = VERTEX_POINT ( 'NONE', #3007 ) ;
#12 = VERTEX_POINT ( 'NONE', #480 ) ;
#13 = LINE ( 'NONE', #2938, #203 ) ;
#14 = ORIENTED_EDGE ( 'NONE', *, *, #2701, .F. ) ;
#15 = DIRECTION ( 'NONE',  ( -0.0000000000000000000, 0.9975640502598246400, 0.06975647374411947400 ) ) ;
#16 = FACE_OUTER_BOUND ( 'NONE', #1666, .T. ) ;
#17 = DIRECTION ( 'NONE',  ( 0.0000000000000000000, 4.011401557374117600E-016, -1.000000000000000000 ) ) ;
#18 = ORIENTED_EDGE ( 'NONE', *, *, #2720, .T. ) ;
#19 = EDGE_CURVE ( 'NONE', #2512, #2411, #90, .T. ) ;
#20 = AXIS2_PLACEMENT_3D ( 'NONE', #1798, #33, #284 ) ;
#21 = CARTESIAN_POINT ( 'NONE',  ( 8.858250000000000000, -2.637667247737075300, -0.4883701806747005600 ) ) ;
#22 = VERTEX_POINT ( 'NONE', #1991 ) ;
#23 = MECHANICAL_DESIGN_GEOMETRIC_PRESENTATION_REPRESENTATION (  '', ( #2368 ), #2528 ) ;
#24 = ORIENTED_EDGE ( 'NONE', *, *, #2194, .F. ) ;
#25 = CARTESIAN_POINT ( 'NONE',  ( 1.301749999999999100, -4.247585486723684400, -0.2970201115440862500 ) ) ;
#26 = CARTESIAN_POINT ( 'NONE',  ( 8.858250000000000000, -2.637667247737076200, -0.4883701806747018900 ) ) ;
#27 = CARTESIAN_POINT ( 'NONE',  ( 9.715499999999998700, 0.0000000000000000000, 3.429000000000000300 ) ) ;
#28 = VERTEX_POINT ( 'NONE', #2515 ) ;
#29 = CARTESIAN_POINT ( 'NONE',  ( 2.527300000000014500, 3.922840587720303600E-015, -1.397000000000000000 ) ) ;
#30 = ADVANCED_FACE ( 'NONE', ( #1035 ), #754, .F. ) ;
#31 = CYLINDRICAL_SURFACE ( 'NONE', #2661, 0.5080000000000001200 ) ;
#32 = VERTEX_POINT ( 'NONE', #778 ) ;
#33 = DIRECTION ( 'NONE',  ( -1.000000000000000000, -0.0000000000000000000, -0.0000000000000000000 ) ) ;
#34 = DIRECTION ( 'NONE',  ( 0.0000000000000000000, 0.0000000000000000000, 1.000000000000000000 ) ) ;
#35 = ADVANCED_FACE ( 'NONE', ( #2630 ), #2017, .F. ) ;
#36 = LINE ( 'NONE', #957, #2698 ) ;
#37 = DIRECTION ( 'NONE',  ( -0.0000000000000000000, -1.000000000000000000, -0.0000000000000000000 ) ) ;
#38 = CARTESIAN_POINT ( 'NONE',  ( 0.0000000000000000000, 8.458199999999996200, -1.397000000000000000 ) ) ;
#39 = UNCERTAINTY_MEASURE_WITH_UNIT (LENGTH_MEASURE( 1.000000000000000100E-005 ), #143, 'distance_accuracy_value', 'NONE');
#40 = LINE ( 'NONE', #1172, #3062 ) ;
#41 = LINE ( 'NONE', #3097, #3221 ) ;
#42 = VECTOR ( 'NONE', #2329, 1000.000000000000000 ) ;
#43 = DIRECTION ( 'NONE',  ( 0.0000000000000000000, 0.0000000000000000000, -1.000000000000000000 ) ) ;
#44 = EDGE_CURVE ( 'NONE', #2355, #418, #8, .T. ) ;
#45 = CARTESIAN_POINT ( 'NONE',  ( 6.407149999999998800, -2.602230959075063000, -0.9951327182066916900 ) ) ;
#46 = ORIENTED_EDGE ( 'NONE', *, *, #147, .F. ) ;
#47 = VECTOR ( 'NONE', #1878, 1000.000000000000000 ) ;
#48 = DIRECTION ( 'NONE',  ( 0.0000000000000000000, 0.0000000000000000000, 1.000000000000000000 ) ) ;
#49 = ORIENTED_EDGE ( 'NONE', *, *, #3277, .T. ) ;
#50 = CARTESIAN_POINT ( 'NONE',  ( 5.454649999999999100, -1.586134982358195400, -0.5619004796483803000 ) ) ;
#51 = VERTEX_POINT ( 'NONE', #3297 ) ;
#52 = VECTOR ( 'NONE', #298, 1000.000000000000000 ) ;
#53 = ADVANCED_FACE ( 'NONE', ( #358 ), #1477, .F. ) ;
#54 = ORIENTED_EDGE ( 'NONE', *, *, #245, .F. ) ;
#55 = DIRECTION ( 'NONE',  ( 1.000000000000000000, -0.0000000000000000000, 0.0000000000000000000 ) ) ;
#56 = CIRCLE ( 'NONE', #2688, 0.5079999999999997900 ) ;
#57 = EDGE_LOOP ( 'NONE', ( #727, #1643, #216, #1446 ) ) ;
#58 = DIRECTION ( 'NONE',  ( -0.0000000000000000000, -1.000000000000000000, -0.0000000000000000000 ) ) ;
#59 = EDGE_CURVE ( 'NONE', #51, #1184, #3149, .T. ) ;
#60 = VECTOR ( 'NONE', #2147, 1000.000000000000000 ) ;
#61 = ORIENTED_EDGE ( 'NONE', *, *, #165, .T. ) ;
#62 = DIRECTION ( 'NONE',  ( 0.0000000000000000000, -2.163903925761482300E-016, 1.000000000000000000 ) ) ;
#63 = EDGE_CURVE ( 'NONE', #1290, #2353, #2198, .T. ) ;
#64 = AXIS2_PLACEMENT_3D ( 'NONE', #2326, #806, #2825 ) ;
#65 = VERTEX_POINT ( 'NONE', #1010 ) ;
#66 =( NAMED_UNIT ( * ) PLANE_ANGLE_UNIT ( ) SI_UNIT ( $, .RADIAN. ) );
#67 = ORIENTED_EDGE ( 'NONE', *, *, #1344, .F. ) ;
#68 = AXIS2_PLACEMENT_3D ( 'NONE', #1012, #1789, #2840 ) ;
#69 = ADVANCED_FACE ( 'NONE', ( #2980 ), #1776, .F. ) ;
#70 = CARTESIAN_POINT ( 'NONE',  ( 3.003549999999999300, 0.07904078947368625700, 1.562100000000059300 ) ) ;
#71 = VERTEX_POINT ( 'NONE', #2793 ) ;
#72 = DIRECTION ( 'NONE',  ( 0.0000000000000000000, 0.0000000000000000000, -1.000000000000000000 ) ) ;
#73 = VERTEX_POINT ( 'NONE', #2753 ) ;
#74 = CARTESIAN_POINT ( 'NONE',  ( 3.752850000000000000, -2.602230959075063400, -0.9951327182066919100 ) ) ;
#75 = VECTOR ( 'NONE', #2255, 1000.000000000000000 ) ;
#76 = EDGE_LOOP ( 'NONE', ( #1773, #2800, #2673, #1762 ) ) ;
#77 = CARTESIAN_POINT ( 'NONE',  ( 3.003549999999999300, 0.09467949703534367400, -1.353979888455918400 ) ) ;
#78 = LINE ( 'NONE', #3074, #1948 ) ;
#79 = LINE ( 'NONE', #1649, #514 ) ;
#80 = CARTESIAN_POINT ( 'NONE',  ( 6.407149999999999700, 0.0000000000000000000, 0.0000000000000000000 ) ) ;
#81 = CIRCLE ( 'NONE', #998, 1.054100000000000000 ) ;
#82 = CARTESIAN_POINT ( 'NONE',  ( 7.156449999999999500, -2.053612033873196500, 0.5815302989737370900 ) ) ;
#83 = EDGE_CURVE ( 'NONE', #1767, #1140, #6, .T. ) ;
#84 = CIRCLE ( 'NONE', #2499, 0.5079999999999997900 ) ;
#85 = AXIS2_PLACEMENT_3D ( 'NONE', #735, #428, #2492 ) ;
#86 = PLANE ( 'NONE',  #2347 ) ;
#87 = DIRECTION ( 'NONE',  ( 0.0000000000000000000, 1.000000000000000000, 0.0000000000000000000 ) ) ;
#88 = LINE ( 'NONE', #1284, #483 ) ;
#89 = ADVANCED_FACE ( 'NONE', ( #2233 ), #2258, .F. ) ;
#90 = LINE ( 'NONE', #207, #522 ) ;
#91 = DIRECTION ( 'NONE',  ( 0.0000000000000000000, -0.0000000000000000000, -1.000000000000000000 ) ) ;
#92 = DIRECTION ( 'NONE',  ( 1.000000000000000000, 0.0000000000000000000, 0.0000000000000000000 ) ) ;
#93 = LINE ( 'NONE', #351, #167 ) ;
#94 = ORIENTED_EDGE ( 'NONE', *, *, #3111, .T. ) ;
#95 = DIRECTION ( 'NONE',  ( 1.000000000000000000, -0.0000000000000000000, 0.0000000000000000000 ) ) ;
#96 = ORIENTED_EDGE ( 'NONE', *, *, #990, .T. ) ;
#97 = PLANE ( 'NONE',  #3246 ) ;
#98 = PRESENTATION_STYLE_ASSIGNMENT (( #120 ) ) ;
#99 = CARTESIAN_POINT ( 'NONE',  ( 2.051049999999999200, -2.053612033873196500, 0.5815302989737370900 ) ) ;
#100 = ORIENTED_EDGE ( 'NONE', *, *, #829, .F. ) ;
#101 = VECTOR ( 'NONE', #1070, 1000.000000000000000 ) ;
#102 = CARTESIAN_POINT ( 'NONE',  ( 7.156449999999999500, -2.198526388573793300E-016, 1.016000000000059100 ) ) ;
#103 = DIRECTION ( 'NONE',  ( 0.0000000000000000000, 0.0000000000000000000, -1.000000000000000000 ) ) ;
#104 = EDGE_LOOP ( 'NONE', ( #2016, #485, #3035, #2598 ) ) ;
#105 = ORIENTED_EDGE ( 'NONE', *, *, #856, .T. ) ;
#106 = CARTESIAN_POINT ( 'NONE',  ( 7.156449999999999500, -1.586134982358195400, -0.5619004796483803000 ) ) ;
#107 = EDGE_CURVE ( 'NONE', #616, #3298, #440, .T. ) ;
#108 = DIRECTION ( 'NONE',  ( -0.0000000000000000000, -1.000000000000000000, -0.0000000000000000000 ) ) ;
#109 = ORIENTED_EDGE ( 'NONE', *, *, #83, .F. ) ;
#110 = EDGE_CURVE ( 'NONE', #1452, #2024, #842, .T. ) ;
#111 = AXIS2_PLACEMENT_3D ( 'NONE', #3304, #1538, #1793 ) ;
#112 = VERTEX_POINT ( 'NONE', #2325 ) ;
#113 = CARTESIAN_POINT ( 'NONE',  ( 6.407149999999999700, -1.002079768494316800, 1.016000000000058900 ) ) ;
#114 = DIRECTION ( 'NONE',  ( 0.0000000000000000000, -8.228457812241755700E-016, 1.000000000000000000 ) ) ;
#115 = VERTEX_POINT ( 'NONE', #3082 ) ;
#116 = CARTESIAN_POINT ( 'NONE',  ( 1.968500000000000600, 8.458199999999996200, -1.397000000000000000 ) ) ;
#117 = PLANE ( 'NONE',  #1597 ) ;
#118 = FACE_OUTER_BOUND ( 'NONE', #776, .T. ) ;
#119 = VERTEX_POINT ( 'NONE', #786 ) ;
#120 = SURFACE_STYLE_USAGE ( .BOTH. , #365 ) ;
#121 = LINE ( 'NONE', #1457, #1982 ) ;
#122 = PLANE ( 'NONE',  #1384 ) ;
#123 = LINE ( 'NONE', #2443, #1548 ) ;
#124 = DIRECTION ( 'NONE',  ( 0.0000000000000000000, 1.707404996040165200E-015, 1.000000000000000000 ) ) ;
#125 = LINE ( 'NONE', #74, #42 ) ;
#126 = LINE ( 'NONE', #359, #1990 ) ;
#127 = DIRECTION ( 'NONE',  ( 0.0000000000000000000, 0.9975640502598246400, 0.06975647374411955700 ) ) ;
#128 = EDGE_LOOP ( 'NONE', ( #1385, #183, #1980, #2282 ) ) ;
#129 = CARTESIAN_POINT ( 'NONE',  ( 7.632699999999998900, 0.0000000000000000000, 0.0000000000000000000 ) ) ;
#130 = LINE ( 'NONE', #585, #1993 ) ;
#131 = EDGE_CURVE ( 'NONE', #785, #149, #84, .T. ) ;
#132 = AXIS2_PLACEMENT_3D ( 'NONE', #2667, #2150, #412 ) ;
#133 = ORIENTED_EDGE ( 'NONE', *, *, #2257, .T. ) ;
#134 = VERTEX_POINT ( 'NONE', #1030 ) ;
#135 =( NAMED_UNIT ( * ) PLANE_ANGLE_UNIT ( ) SI_UNIT ( $, .RADIAN. ) );
#136 = EDGE_LOOP ( 'NONE', ( #3137, #2902, #209, #662 ) ) ;
#137 = LINE ( 'NONE', #2986, #737 ) ;
#138 = DIRECTION ( 'NONE',  ( 0.0000000000000000000, 0.0000000000000000000, 1.000000000000000000 ) ) ;
#139 = ORIENTED_EDGE ( 'NONE', *, *, #2152, .T. ) ;
#140 = LINE ( 'NONE', #1364, #697 ) ;
#141 = ORIENTED_EDGE ( 'NONE', *, *, #466, .F. ) ;
#142 = DIRECTION ( 'NONE',  ( -1.000000000000000000, -0.0000000000000000000, 0.0000000000000000000 ) ) ;
#143 =( LENGTH_UNIT ( ) NAMED_UNIT ( * ) SI_UNIT ( .MILLI., .METRE. ) );
#144 = VERTEX_POINT ( 'NONE', #2560 ) ;
#145 = DIRECTION ( 'NONE',  ( 0.0000000000000000000, -0.06975647374412133300, -0.9975640502598245300 ) ) ;
#146 = EDGE_CURVE ( 'NONE', #2183, #962, #1115, .T. ) ;
#147 = EDGE_CURVE ( 'NONE', #467, #3142, #2786, .T. ) ;
#148 = ORIENTED_EDGE ( 'NONE', *, *, #1521, .F. ) ;
#149 = VERTEX_POINT ( 'NONE', #546 ) ;
#150 = EDGE_CURVE ( 'NONE', #2328, #1160, #2389, .T. ) ;
#151 = AXIS2_PLACEMENT_3D ( 'NONE', #2322, #784, #2790 ) ;
#152 = ORIENTED_EDGE ( 'NONE', *, *, #1404, .F. ) ;
#153 = ORIENTED_EDGE ( 'NONE', *, *, #1693, .F. ) ;
#154 = DIRECTION ( 'NONE',  ( 0.0000000000000000000, 0.0000000000000000000, 1.000000000000000000 ) ) ;
#155 = VECTOR ( 'NONE', #3230, 1000.000000000000000 ) ;
#156 = ORIENTED_EDGE ( 'NONE', *, *, #1225, .T. ) ;
#157 = SURFACE_STYLE_FILL_AREA ( #720 ) ;
#158 = VECTOR ( 'NONE', #1396, 1000.000000000000000 ) ;
#159 = DIRECTION ( 'NONE',  ( 0.0000000000000000000, -8.228457812241755700E-016, 1.000000000000000000 ) ) ;
#160 = CARTESIAN_POINT ( 'NONE',  ( 6.407149999999998800, -4.247585486723684400, -0.2970201115440862500 ) ) ;
#161 = LINE ( 'NONE', #1710, #517 ) ;
#162 = VECTOR ( 'NONE', #3070, 1000.000000000000000 ) ;
#163 = DIRECTION ( 'NONE',  ( 0.0000000000000000000, 0.0000000000000000000, 1.000000000000000000 ) ) ;
#164 = LINE ( 'NONE', #984, #2945 ) ;
#165 = EDGE_CURVE ( 'NONE', #2219, #2726, #1357, .T. ) ;
#166 = EDGE_LOOP ( 'NONE', ( #100, #656, #1858, #406 ) ) ;
#167 = VECTOR ( 'NONE', #1099, 1000.000000000000000 ) ;
#168 = ORIENTED_EDGE ( 'NONE', *, *, #2048, .T. ) ;
#169 = EDGE_CURVE ( 'NONE', #2766, #1682, #272, .T. ) ;
#170 = AXIS2_PLACEMENT_3D ( 'NONE', #80, #1359, #3127 ) ;
#171 = CARTESIAN_POINT ( 'NONE',  ( 0.0000000000000000000, 8.458199999999996200, 0.0000000000000000000 ) ) ;
#172 = VERTEX_POINT ( 'NONE', #524 ) ;
#173 = AXIS2_PLACEMENT_3D ( 'NONE', #851, #599, #2349 ) ;
#174 = VERTEX_POINT ( 'NONE', #2459 ) ;
#175 = LINE ( 'NONE', #820, #1250 ) ;
#176 = CARTESIAN_POINT ( 'NONE',  ( 4.705349999999999300, -1.508842306026307200, 0.5434362886620723900 ) ) ;
#177 = ORIENTED_EDGE ( 'NONE', *, *, #59, .F. ) ;
#178 = EDGE_LOOP ( 'NONE', ( #646, #2563, #2313, #2964 ) ) ;
#179 = CARTESIAN_POINT ( 'NONE',  ( 10.16000000000000000, 9.016999999999999500, -1.397000000000000000 ) ) ;
#180 = ORIENTED_EDGE ( 'NONE', *, *, #338, .F. ) ;
#181 = PLANE ( 'NONE',  #1938 ) ;
#182 = CARTESIAN_POINT ( 'NONE',  ( 8.191500000000001300, 8.458199999999996200, 0.0000000000000000000 ) ) ;
#183 = ORIENTED_EDGE ( 'NONE', *, *, #1485, .F. ) ;
#184 = EDGE_CURVE ( 'NONE', #3046, #2183, #1749, .T. ) ;
#185 = ORIENTED_EDGE ( 'NONE', *, *, #2295, .T. ) ;
#186 = VECTOR ( 'NONE', #2331, 1000.000000000000000 ) ;
#187 = ORIENTED_EDGE ( 'NONE', *, *, #2609, .F. ) ;
#188 = AXIS2_PLACEMENT_3D ( 'NONE', #699, #1237, #2243 ) ;
#189 = DIRECTION ( 'NONE',  ( 0.0000000000000000000, 0.0000000000000000000, 1.000000000000000000 ) ) ;
#190 = VECTOR ( 'NONE', #936, 1000.000000000000100 ) ;
#191 = CARTESIAN_POINT ( 'NONE',  ( 4.705349999999999300, -2.053612033873196500, 0.5815302989737373100 ) ) ;
#192 = CARTESIAN_POINT ( 'NONE',  ( 5.454649999999999100, -2.637667247737075300, -0.4883701806747005600 ) ) ;
#193 = CARTESIAN_POINT ( 'NONE',  ( 9.715499999999998700, 0.0000000000000000000, 3.429000000000000300 ) ) ;
#194 = VECTOR ( 'NONE', #801, 1000.000000000000000 ) ;
#195 = ORIENTED_EDGE ( 'NONE', *, *, #218, .T. ) ;
#196 = VECTOR ( 'NONE', #92, 1000.000000000000000 ) ;
#197 = CARTESIAN_POINT ( 'NONE',  ( 8.858250000000000000, -1.002079768494315700, 0.5080000000000588500 ) ) ;
#198 = DIRECTION ( 'NONE',  ( 0.0000000000000000000, -0.06975647374411947400, 0.9975640502598246400 ) ) ;
#199 = ORIENTED_EDGE ( 'NONE', *, *, #833, .T. ) ;
#200 = DIRECTION ( 'NONE',  ( 0.0000000000000000000, -0.06975647374411947400, 0.9975640502598246400 ) ) ;
#201 = ORIENTED_EDGE ( 'NONE', *, *, #2456, .F. ) ;
#202 = DIRECTION ( 'NONE',  ( 0.0000000000000000000, -8.537024980200819800E-016, 1.000000000000000000 ) ) ;
#203 = VECTOR ( 'NONE', #402, 1000.000000000000000 ) ;
#204 = ORIENTED_EDGE ( 'NONE', *, *, #2365, .F. ) ;
#205 = EDGE_CURVE ( 'NONE', #2933, #1772, #1703, .T. ) ;
#206 = AXIS2_PLACEMENT_3D ( 'NONE', #972, #726, #478 ) ;
#207 = CARTESIAN_POINT ( 'NONE',  ( 5.454649999999999100, -1.586134982358195400, -0.5619004796483803000 ) ) ;
#208 = VECTOR ( 'NONE', #3011, 1000.000000000000000 ) ;
#209 = ORIENTED_EDGE ( 'NONE', *, *, #2638, .T. ) ;
#210 = PLANE ( 'NONE',  #471 ) ;
#211 = CIRCLE ( 'NONE', #1151, 0.5715000000000003400 ) ;
#212 = CARTESIAN_POINT ( 'NONE',  ( 8.858250000000000000, 0.0000000000000000000, 1.562100000000059300 ) ) ;
#213 = PLANE ( 'NONE',  #1109 ) ;
#214 = ORIENTED_EDGE ( 'NONE', *, *, #2438, .T. ) ;
#215 = CARTESIAN_POINT ( 'NONE',  ( 7.632699999999987400, -1.184737283025067600E-014, 0.0000000000000000000 ) ) ;
#216 = ORIENTED_EDGE ( 'NONE', *, *, #2403, .F. ) ;
#217 = ORIENTED_EDGE ( 'NONE', *, *, #1207, .T. ) ;
#218 = EDGE_CURVE ( 'NONE', #3116, #1947, #481, .T. ) ;
#219 = CARTESIAN_POINT ( 'NONE',  ( 7.156449999999999500, -2.602230959075063400, -0.9951327182066919100 ) ) ;
#220 = CARTESIAN_POINT ( 'NONE',  ( 5.454649999999999100, -1.508842306026307200, 0.5434362886620723900 ) ) ;
#221 = ORIENTED_EDGE ( 'NONE', *, *, #1405, .T. ) ;
#222 = ADVANCED_FACE ( 'NONE', ( #1031 ), #3239, .T. ) ;
#223 = VERTEX_POINT ( 'NONE', #3207 ) ;
#224 = EDGE_CURVE ( 'NONE', #390, #698, #1915, .T. ) ;
#225 = DIRECTION ( 'NONE',  ( -0.9957851087622362500, 0.0000000000000000000, -0.09171704949125529500 ) ) ;
#226 = AXIS2_PLACEMENT_3D ( 'NONE', #817, #800, #1325 ) ;
#227 = VECTOR ( 'NONE', #1226, 1000.000000000000000 ) ;
#228 = ORIENTED_EDGE ( 'NONE', *, *, #1732, .F. ) ;
#229 = VECTOR ( 'NONE', #946, 1000.000000000000100 ) ;
#230 = VECTOR ( 'NONE', #2593, 1000.000000000000100 ) ;
#231 = DIRECTION ( 'NONE',  ( 0.0000000000000000000, 0.0000000000000000000, 1.000000000000000000 ) ) ;
#232 = DIRECTION ( 'NONE',  ( 0.0000000000000000000, 0.0000000000000000000, 1.000000000000000000 ) ) ;
#233 = DIRECTION ( 'NONE',  ( 0.0000000000000000000, 0.0000000000000000000, 1.000000000000000000 ) ) ;
#234 = LINE ( 'NONE', #2190, #2192 ) ;
#235 = VECTOR ( 'NONE', #1455, 1000.000000000000100 ) ;
#236 = CARTESIAN_POINT ( 'NONE',  ( 8.108950000000000100, 0.09467949703534367400, -1.353979888455918400 ) ) ;
#237 = DIRECTION ( 'NONE',  ( -1.000000000000000000, -0.0000000000000000000, -0.0000000000000000000 ) ) ;
#238 = CIRCLE ( 'NONE', #2974, 0.5079999999999997900 ) ;
#239 = DIRECTION ( 'NONE',  ( 0.0000000000000000000, -8.228457812241755700E-016, 1.000000000000000000 ) ) ;
#240 = EDGE_LOOP ( 'NONE', ( #2962, #330, #865, #1795 ) ) ;
#241 = ADVANCED_FACE ( 'NONE', ( #2117 ), #2448, .F. ) ;
#242 = ORIENTED_EDGE ( 'NONE', *, *, #582, .T. ) ;
#243 = SURFACE_STYLE_USAGE ( .BOTH. , #1501 ) ;
#244 = VERTEX_POINT ( 'NONE', #1175 ) ;
#245 = EDGE_CURVE ( 'NONE', #244, #2024, #2868, .T. ) ;
#246 = VECTOR ( 'NONE', #3243, 1000.000000000000100 ) ;
#247 = ORIENTED_EDGE ( 'NONE', *, *, #1596, .T. ) ;
#248 = DIRECTION ( 'NONE',  ( -1.000000000000000000, 0.0000000000000000000, -0.0000000000000000000 ) ) ;
#249 = FACE_OUTER_BOUND ( 'NONE', #3134, .T. ) ;
#250 = STYLED_ITEM ( 'NONE', ( #1314 ), #1917 ) ;
#251 = ORIENTED_EDGE ( 'NONE', *, *, #487, .T. ) ;
#252 = CARTESIAN_POINT ( 'NONE',  ( 7.156449999999999500, 0.05658548672368050900, -0.8092101606090257300 ) ) ;
#253 = PLANE ( 'NONE',  #1259 ) ;
#254 = VERTEX_POINT ( 'NONE', #2955 ) ;
#255 = ORIENTED_EDGE ( 'NONE', *, *, #1445, .F. ) ;
#256 = ADVANCED_FACE ( 'NONE', ( #356 ), #1427, .T. ) ;
#257 = CARTESIAN_POINT ( 'NONE',  ( 6.407149999999999700, -6.266210372774345600E-016, 1.562100000000059300 ) ) ;
#258 = ORIENTED_EDGE ( 'NONE', *, *, #895, .T. ) ;
#259 = DIRECTION ( 'NONE',  ( 1.000000000000000000, 0.0000000000000000000, 0.0000000000000000000 ) ) ;
#260 = EDGE_LOOP ( 'NONE', ( #1927, #2926, #3171, #2165 ) ) ;
#261 = ORIENTED_EDGE ( 'NONE', *, *, #3213, .F. ) ;
#262 = DIRECTION ( 'NONE',  ( 0.0000000000000000000, -0.06975647374411947400, 0.9975640502598246400 ) ) ;
#263 = AXIS2_PLACEMENT_3D ( 'NONE', #1267, #2778, #2032 ) ;
#264 = LINE ( 'NONE', #2061, #678 ) ;
#265 = CARTESIAN_POINT ( 'NONE',  ( 3.003549999999999300, -4.191000000000003400, -1.106230272153112800 ) ) ;
#266 = EDGE_LOOP ( 'NONE', ( #2369, #996, #1022, #1306 ) ) ;
#267 = DIRECTION ( 'NONE',  ( 0.0000000000000000000, 0.0000000000000000000, 1.000000000000000000 ) ) ;
#268 = LINE ( 'NONE', #2724, #2905 ) ;
#269 = EDGE_CURVE ( 'NONE', #2766, #2146, #1436, .T. ) ;
#270 = CARTESIAN_POINT ( 'NONE',  ( 1.301749999999999500, -0.1440352721723030200, 0.02084721044599177300 ) ) ;
#271 = CARTESIAN_POINT ( 'NONE',  ( 8.858250000000000000, -1.002079768494315900, 1.562100000000058900 ) ) ;
#272 = LINE ( 'NONE', #2547, #916 ) ;
#273 = AXIS2_PLACEMENT_3D ( 'NONE', #1349, #2109, #1822 ) ;
#274 = VECTOR ( 'NONE', #348, 1000.000000000000000 ) ;
#275 = DIRECTION ( 'NONE',  ( -1.000000000000000000, -0.0000000000000000000, -0.0000000000000000000 ) ) ;
#276 = ORIENTED_EDGE ( 'NONE', *, *, #1867, .F. ) ;
#277 = UNCERTAINTY_MEASURE_WITH_UNIT (LENGTH_MEASURE( 1.000000000000000100E-005 ), #378, 'distance_accuracy_value', 'NONE');
#278 = SURFACE_SIDE_STYLE ('',( #2665 ) ) ;
#279 = LINE ( 'NONE', #1617, #2788 ) ;
#280 = DIRECTION ( 'NONE',  ( 1.000000000000000000, -0.0000000000000000000, 0.0000000000000000000 ) ) ;
#281 = ORIENTED_EDGE ( 'NONE', *, *, #558, .T. ) ;
#282 = DIRECTION ( 'NONE',  ( -1.000000000000000000, -0.0000000000000000000, -0.0000000000000000000 ) ) ;
#283 = ORIENTED_EDGE ( 'NONE', *, *, #1360, .F. ) ;
#284 = DIRECTION ( 'NONE',  ( 0.0000000000000000000, 0.0000000000000000000, 1.000000000000000000 ) ) ;
#285 = CARTESIAN_POINT ( 'NONE',  ( 8.858250000000000000, -2.602230959075063000, -0.9951327182066916900 ) ) ;
#286 = VERTEX_POINT ( 'NONE', #705 ) ;
#287 = CARTESIAN_POINT ( 'NONE',  ( 5.454649999999999100, -1.539316187958941700, 0.1076394735970000900 ) ) ;
#288 = LINE ( 'NONE', #789, #2951 ) ;
#289 = ORIENTED_EDGE ( 'NONE', *, *, #914, .F. ) ;
#290 = EDGE_CURVE ( 'NONE', #1936, #32, #1663, .T. ) ;
#291 = AXIS2_PLACEMENT_3D ( 'NONE', #192, #1974, #2994 ) ;
#292 = ADVANCED_FACE ( 'NONE', ( #2425 ), #449, .T. ) ;
#293 = ORIENTED_EDGE ( 'NONE', *, *, #3278, .T. ) ;
#294 = AXIS2_PLACEMENT_3D ( 'NONE', #793, #2519, #233 ) ;
#295 = ORIENTED_EDGE ( 'NONE', *, *, #989, .T. ) ;
#296 = CARTESIAN_POINT ( 'NONE',  ( 2.051049999999999200, 0.0000000000000000000, 1.562100000000059300 ) ) ;
#297 = ADVANCED_FACE ( 'NONE', ( #3225 ), #1074, .T. ) ;
#298 = DIRECTION ( 'NONE',  ( 0.0000000000000000000, -0.06975647374412180500, -0.9975640502598245300 ) ) ;
#299 = VERTEX_POINT ( 'NONE', #179 ) ;
#300 = DIRECTION ( 'NONE',  ( -0.0000000000000000000, -0.0000000000000000000, -1.000000000000000000 ) ) ;
#301 = AXIS2_PLACEMENT_3D ( 'NONE', #2692, #138, #1374 ) ;
#302 = EDGE_LOOP ( 'NONE', ( #2538, #2161, #755, #261, #2526, #1174, #505, #1454, #1341, #415, #293, #1696, #1876, #701 ) ) ;
#303 = DIRECTION ( 'NONE',  ( 0.0000000000000000000, 0.0000000000000000000, -1.000000000000000000 ) ) ;
#304 = ORIENTED_EDGE ( 'NONE', *, *, #2934, .T. ) ;
#305 = DIRECTION ( 'NONE',  ( 0.0000000000000000000, 4.011401557374117600E-016, -1.000000000000000000 ) ) ;
#306 = LINE ( 'NONE', #2227, #3098 ) ;
#307 = DIRECTION ( 'NONE',  ( 0.0000000000000000000, 0.9975640502598246400, 0.06975647374411955700 ) ) ;
#308 = EDGE_CURVE ( 'NONE', #2634, #2747, #3146, .T. ) ;
#309 = EDGE_CURVE ( 'NONE', #1648, #1888, #1233, .T. ) ;
#310 = PLANE ( 'NONE',  #1945 ) ;
#311 = VECTOR ( 'NONE', #1547, 1000.000000000000000 ) ;
#312 = CYLINDRICAL_SURFACE ( 'NONE', #1828, 1.054100000000000000 ) ;
#313 = ADVANCED_FACE ( 'NONE', ( #3186 ), #2909, .F. ) ;
#314 = COLOUR_RGB ( '',0.7921568627450980000, 0.8196078431372548800, 0.9333333333333333500 ) ;
#315 = EDGE_CURVE ( 'NONE', #12, #1336, #2495, .T. ) ;
#316 = DIRECTION ( 'NONE',  ( 0.0000000000000000000, -8.228457812241755700E-016, 1.000000000000000000 ) ) ;
#317 = AXIS2_PLACEMENT_3D ( 'NONE', #1931, #3210, #1202 ) ;
#318 = VECTOR ( 'NONE', #1978, 1000.000000000000000 ) ;
#319 = VECTOR ( 'NONE', #2049, 1000.000000000000000 ) ;
#320 = PLANE ( 'NONE',  #1082 ) ;
#321 = ORIENTED_EDGE ( 'NONE', *, *, #2759, .T. ) ;
#322 = MANIFOLD_SOLID_BREP ( 'Pin 5', #1777 ) ;
#323 = CIRCLE ( 'NONE', #628, 1.054100000000000000 ) ;
#324 = DIRECTION ( 'NONE',  ( 0.0000000000000000000, 0.1432442247327271600, 0.9896873708806837000 ) ) ;
#325 = ORIENTED_EDGE ( 'NONE', *, *, #1550, .T. ) ;
#326 = CARTESIAN_POINT ( 'NONE',  ( 3.003549999999999700, -1.002079768494315900, 1.562100000000058900 ) ) ;
#327 = ORIENTED_EDGE ( 'NONE', *, *, #1182, .F. ) ;
#328 = PLANE ( 'NONE',  #1278 ) ;
#329 = LINE ( 'NONE', #2624, #925 ) ;
#330 = ORIENTED_EDGE ( 'NONE', *, *, #1224, .F. ) ;
#331 = DIRECTION ( 'NONE',  ( 0.0000000000000000000, 0.1432442247327341300, 0.9896873708806825900 ) ) ;
#332 = EDGE_CURVE ( 'NONE', #1566, #3299, #1788, .T. ) ;
#333 = ADVANCED_FACE ( 'NONE', ( #2625 ), #2199, .T. ) ;
#334 = VECTOR ( 'NONE', #674, 1000.000000000000000 ) ;
#335 = CARTESIAN_POINT ( 'NONE',  ( 3.752850000000000000, -1.002079768494316800, 1.016000000000058900 ) ) ;
#336 = CLOSED_SHELL ( 'NONE', ( #3016, #2372, #592, #1493, #1011, #3030, #1544, #2779, #3009, #1320, #742, #838, #823, #1066 ) ) ;
#337 = DIRECTION ( 'NONE',  ( -1.000000000000000000, 0.0000000000000000000, -0.0000000000000000000 ) ) ;
#338 = EDGE_CURVE ( 'NONE', #3298, #2220, #1274, .T. ) ;
#339 = ORIENTED_EDGE ( 'NONE', *, *, #1733, .F. ) ;
#340 = CARTESIAN_POINT ( 'NONE',  ( 7.156449999999999500, -2.637667247737075300, -0.4883701806747005600 ) ) ;
#341 = EDGE_LOOP ( 'NONE', ( #741, #2045, #799, #247, #792, #2447, #855, #901, #960, #1735, #1610, #1262 ) ) ;
#342 = ORIENTED_EDGE ( 'NONE', *, *, #2758, .F. ) ;
#343 = CARTESIAN_POINT ( 'NONE',  ( 9.715499999999998700, 8.458199999999999700, 3.429000000000000700 ) ) ;
#344 = VERTEX_POINT ( 'NONE', #2554 ) ;
#345 = CARTESIAN_POINT ( 'NONE',  ( 0.0000000000000000000, 3.860799999999998500, 0.0000000000000000000 ) ) ;
#346 = VECTOR ( 'NONE', #1499, 1000.000000000000000 ) ;
#347 = VERTEX_POINT ( 'NONE', #915 ) ;
#348 = DIRECTION ( 'NONE',  ( 1.000000000000000000, 0.0000000000000000000, 0.0000000000000000000 ) ) ;
#349 = LINE ( 'NONE', #212, #1110 ) ;
#350 = CYLINDRICAL_SURFACE ( 'NONE', #2342, 1.054100000000000000 ) ;
#351 = CARTESIAN_POINT ( 'NONE',  ( 1.301749999999999500, -2.198526388573793300E-016, 1.016000000000059100 ) ) ;
#352 = CARTESIAN_POINT ( 'NONE',  ( 2.051049999999999200, -4.191000000000001600, -1.106230272153112300 ) ) ;
#353 = VECTOR ( 'NONE', #2485, 1000.000000000000000 ) ;
#354 = CARTESIAN_POINT ( 'NONE',  ( 0.0000000000000000000, 9.016999999999999500, -7.324777021681496200E-014 ) ) ;
#355 = EDGE_CURVE ( 'NONE', #3299, #1196, #2074, .T. ) ;
#356 = FACE_OUTER_BOUND ( 'NONE', #2143, .T. ) ;
#357 = DIRECTION ( 'NONE',  ( 0.0000000000000000000, -0.9975640502598246400, -0.06975647374411905700 ) ) ;
#358 = FACE_OUTER_BOUND ( 'NONE', #1009, .T. ) ;
#359 = CARTESIAN_POINT ( 'NONE',  ( 7.156449999999999500, -1.586134982358195400, -0.5619004796483803000 ) ) ;
#360 = PRESENTATION_LAYER_ASSIGNMENT (  '', '', ( #2810 ) ) ;
#361 = CIRCLE ( 'NONE', #151, 0.5715000000000003400 ) ;
#362 = ORIENTED_EDGE ( 'NONE', *, *, #3132, .F. ) ;
#363 = CARTESIAN_POINT ( 'NONE',  ( 0.0000000000000000000, 10.71879999999999800, -1.397000000000000000 ) ) ;
#364 = VERTEX_POINT ( 'NONE', #326 ) ;
#365 = SURFACE_SIDE_STYLE ('',( #2594 ) ) ;
#366 = CARTESIAN_POINT ( 'NONE',  ( 0.0000000000000000000, 9.016999999999999500, -1.397000000000000000 ) ) ;
#367 = FACE_OUTER_BOUND ( 'NONE', #3089, .T. ) ;
#368 = CARTESIAN_POINT ( 'NONE',  ( 2.051049999999999200, -1.539316187958941700, 0.1076394735970000900 ) ) ;
#369 = VERTEX_POINT ( 'NONE', #568 ) ;
#370 = FACE_OUTER_BOUND ( 'NONE', #920, .T. ) ;
#371 = CARTESIAN_POINT ( 'NONE',  ( 1.968500000000000600, 8.458199999999996200, -1.397000000000000000 ) ) ;
#372 =( NAMED_UNIT ( * ) PLANE_ANGLE_UNIT ( ) SI_UNIT ( $, .RADIAN. ) );
#373 = EDGE_LOOP ( 'NONE', ( #1415, #819, #1478, #3084 ) ) ;
#374 = DIRECTION ( 'NONE',  ( 0.0000000000000000000, 0.1432442247327341300, 0.9896873708806825900 ) ) ;
#375 = VERTEX_POINT ( 'NONE', #580 ) ;
#376 = EDGE_CURVE ( 'NONE', #2891, #970, #2154, .T. ) ;
#377 = EDGE_CURVE ( 'NONE', #756, #2995, #125, .T. ) ;
#378 =( LENGTH_UNIT ( ) NAMED_UNIT ( * ) SI_UNIT ( .MILLI., .METRE. ) );
#379 = ORIENTED_EDGE ( 'NONE', *, *, #2520, .T. ) ;
#380 = CARTESIAN_POINT ( 'NONE',  ( 2.051049999999999200, 0.09467949703534367400, -1.353979888455918400 ) ) ;
#381 = EDGE_CURVE ( 'NONE', #650, #2442, #1395, .T. ) ;
#382 = AXIS2_PLACEMENT_3D ( 'NONE', #2356, #3071, #1065 ) ;
#383 = EDGE_LOOP ( 'NONE', ( #923, #3293, #2636, #2301 ) ) ;
#384 = MANIFOLD_SOLID_BREP ( 'Pin 2', #2357 ) ;
#385 = DIRECTION ( 'NONE',  ( 0.0000000000000000000, -0.06975647374412133300, -0.9975640502598245300 ) ) ;
#386 = ORIENTED_EDGE ( 'NONE', *, *, #1318, .T. ) ;
#387 = CARTESIAN_POINT ( 'NONE',  ( 3.752850000000000000, -2.130904710205084700, -0.5238064693367141500 ) ) ;
#388 = DIRECTION ( 'NONE',  ( -1.000000000000000000, -0.0000000000000000000, -0.0000000000000000000 ) ) ;
#389 = VECTOR ( 'NONE', #1013, 1000.000000000000000 ) ;
#390 = VERTEX_POINT ( 'NONE', #2819 ) ;
#391 = DIRECTION ( 'NONE',  ( 1.000000000000000000, -0.0000000000000000000, 0.0000000000000000000 ) ) ;
#392 = CARTESIAN_POINT ( 'NONE',  ( 2.527300000000014500, 3.922840587720303600E-015, -1.397000000000000000 ) ) ;
#393 = FACE_OUTER_BOUND ( 'NONE', #2012, .T. ) ;
#394 = VECTOR ( 'NONE', #2751, 1000.000000000000000 ) ;
#395 = CARTESIAN_POINT ( 'NONE',  ( 8.191500000000001300, 3.860799999999998500, 0.0000000000000000000 ) ) ;
#396 = CARTESIAN_POINT ( 'NONE',  ( 8.858250000000000000, -2.053612033873196500, 0.5815302989737370900 ) ) ;
#397 = EDGE_CURVE ( 'NONE', #1450, #286, #41, .T. ) ;
#398 = DIRECTION ( 'NONE',  ( 0.0000000000000000000, -0.06975647374412133300, -0.9975640502598245300 ) ) ;
#399 = VECTOR ( 'NONE', #2664, 1000.000000000000000 ) ;
#400 = CARTESIAN_POINT ( 'NONE',  ( 7.632700000000000700, 9.016999999999999500, -1.397000000000000000 ) ) ;
#401 = VECTOR ( 'NONE', #2947, 1000.000000000000100 ) ;
#402 = DIRECTION ( 'NONE',  ( 0.0000000000000000000, 0.0000000000000000000, 1.000000000000000000 ) ) ;
#403 = LINE ( 'NONE', #2059, #2869 ) ;
#404 = EDGE_CURVE ( 'NONE', #1648, #3136, #682, .T. ) ;
#405 = AXIS2_PLACEMENT_3D ( 'NONE', #2629, #2879, #1034 ) ;
#406 = ORIENTED_EDGE ( 'NONE', *, *, #1757, .T. ) ;
#407 = LINE ( 'NONE', #1422, #1239 ) ;
#408 = ORIENTED_EDGE ( 'NONE', *, *, #2720, .F. ) ;
#409 = DIRECTION ( 'NONE',  ( 0.0000000000000000000, 0.9975640502598246400, 0.06975647374411900200 ) ) ;
#410 = PRESENTATION_LAYER_ASSIGNMENT (  '', '', ( #2224 ) ) ;
#411 = ORIENTED_EDGE ( 'NONE', *, *, #1937, .F. ) ;
#412 = DIRECTION ( 'NONE',  ( 0.0000000000000000000, -0.0000000000000000000, -1.000000000000000000 ) ) ;
#413 = DIRECTION ( 'NONE',  ( -1.000000000000000000, -0.0000000000000000000, 0.0000000000000000000 ) ) ;
#414 = VECTOR ( 'NONE', #2008, 1000.000000000000000 ) ;
#415 = ORIENTED_EDGE ( 'NONE', *, *, #2656, .T. ) ;
#416 = CARTESIAN_POINT ( 'NONE',  ( 2.051049999999999200, -1.002079768494315700, 0.5080000000000588500 ) ) ;
#417 = VECTOR ( 'NONE', #2619, 1000.000000000000000 ) ;
#418 = VERTEX_POINT ( 'NONE', #2340 ) ;
#419 = DIRECTION ( 'NONE',  ( 1.000000000000000000, -0.0000000000000000000, 0.0000000000000000000 ) ) ;
#420 = EDGE_LOOP ( 'NONE', ( #1080, #2517, #832, #593 ) ) ;
#421 = EDGE_CURVE ( 'NONE', #576, #633, #3307, .T. ) ;
#422 = AXIS2_PLACEMENT_3D ( 'NONE', #1697, #3244, #189 ) ;
#423 = ORIENTED_EDGE ( 'NONE', *, *, #1846, .F. ) ;
#424 = CARTESIAN_POINT ( 'NONE',  ( 0.0000000000000000000, 9.016999999999999500, 0.0000000000000000000 ) ) ;
#425 = ORIENTED_EDGE ( 'NONE', *, *, #2759, .F. ) ;
#426 =( GEOMETRIC_REPRESENTATION_CONTEXT ( 3 ) GLOBAL_UNCERTAINTY_ASSIGNED_CONTEXT ( ( #39 ) ) GLOBAL_UNIT_ASSIGNED_CONTEXT ( ( #143, #372, #886 ) ) REPRESENTATION_CONTEXT ( 'NONE', 'WORKASPACE' ) );
#427 = ORIENTED_EDGE ( 'NONE', *, *, #376, .F. ) ;
#428 = DIRECTION ( 'NONE',  ( -1.000000000000000000, -0.0000000000000000000, -0.0000000000000000000 ) ) ;
#429 = ORIENTED_EDGE ( 'NONE', *, *, #110, .T. ) ;
#430 = DIRECTION ( 'NONE',  ( 0.0000000000000000000, -1.000000000000000000, -2.163903925761482300E-016 ) ) ;
#431 = CARTESIAN_POINT ( 'NONE',  ( 7.156449999999999500, -1.002079768494316300, 0.5080000000000586300 ) ) ;
#432 = DIRECTION ( 'NONE',  ( 1.000000000000000000, -0.0000000000000000000, 0.0000000000000000000 ) ) ;
#433 = CIRCLE ( 'NONE', #2900, 0.5079999999999997900 ) ;
#434 = ORIENTED_EDGE ( 'NONE', *, *, #184, .F. ) ;
#435 = DIRECTION ( 'NONE',  ( -0.0000000000000000000, 0.0000000000000000000, 1.000000000000000000 ) ) ;
#436 = VECTOR ( 'NONE', #1149, 1000.000000000000000 ) ;
#437 = FACE_OUTER_BOUND ( 'NONE', #631, .T. ) ;
#438 = CARTESIAN_POINT ( 'NONE',  ( 0.0000000000000000000, 8.458199999999996200, 0.0000000000000000000 ) ) ;
#439 = FACE_OUTER_BOUND ( 'NONE', #1673, .T. ) ;
#440 = LINE ( 'NONE', #2073, #2975 ) ;
#441 = CARTESIAN_POINT ( 'NONE',  ( 8.191500000000001300, 3.860799999999998500, 0.0000000000000000000 ) ) ;
#442 = DIRECTION ( 'NONE',  ( 1.000000000000000000, 0.0000000000000000000, -0.0000000000000000000 ) ) ;
#443 = VECTOR ( 'NONE', #1768, 1000.000000000000000 ) ;
#444 = AXIS2_PLACEMENT_3D ( 'NONE', #1244, #3022, #259 ) ;
#445 = FACE_OUTER_BOUND ( 'NONE', #1640, .T. ) ;
#446 = ORIENTED_EDGE ( 'NONE', *, *, #3152, .F. ) ;
#447 = EDGE_CURVE ( 'NONE', #364, #3155, #2384, .T. ) ;
#448 = AXIS2_PLACEMENT_3D ( 'NONE', #610, #2378, #879 ) ;
#449 = PLANE ( 'NONE',  #645 ) ;
#450 = CLOSED_SHELL ( 'NONE', ( #1051, #3101, #2581, #1602, #1850, #1586, #2855, #1046, #2068, #2053, #2125, #1533, #292, #1769, #2616, #1083, #2502, #803, #222, #2871 ) ) ;
#451 = DIRECTION ( 'NONE',  ( -1.000000000000000000, -0.0000000000000000000, 0.0000000000000000000 ) ) ;
#452 = FILL_AREA_STYLE_COLOUR ( '', #1824 ) ;
#453 = CARTESIAN_POINT ( 'NONE',  ( 0.0000000000000000000, 8.458199999999996200, -1.397000000000000000 ) ) ;
#454 = PRESENTATION_LAYER_ASSIGNMENT (  '', '', ( #1238 ) ) ;
#455 = ORIENTED_EDGE ( 'NONE', *, *, #1527, .F. ) ;
#456 = FACE_OUTER_BOUND ( 'NONE', #3271, .T. ) ;
#457 = CARTESIAN_POINT ( 'NONE',  ( 2.527300000000000800, 9.016999999999999500, -1.397000000000000000 ) ) ;
#458 = ORIENTED_EDGE ( 'NONE', *, *, #2875, .F. ) ;
#459 = ORIENTED_EDGE ( 'NONE', *, *, #1874, .T. ) ;
#460 = DIRECTION ( 'NONE',  ( -1.000000000000000000, -0.0000000000000000000, -0.0000000000000000000 ) ) ;
#461 = ORIENTED_EDGE ( 'NONE', *, *, #1038, .F. ) ;
#462 = DIRECTION ( 'NONE',  ( 1.000000000000000000, -0.0000000000000000000, 0.0000000000000000000 ) ) ;
#463 = PLANE ( 'NONE',  #188 ) ;
#464 = CARTESIAN_POINT ( 'NONE',  ( 2.051049999999999200, -2.602230959075063000, -0.9951327182066916900 ) ) ;
#465 = ORIENTED_EDGE ( 'NONE', *, *, #2403, .T. ) ;
#466 = EDGE_CURVE ( 'NONE', #1561, #112, #2622, .T. ) ;
#467 = VERTEX_POINT ( 'NONE', #2852 ) ;
#468 = LINE ( 'NONE', #544, #186 ) ;
#469 = ADVANCED_FACE ( 'NONE', ( #1394 ), #1804, .T. ) ;
#470 = ORIENTED_EDGE ( 'NONE', *, *, #1502, .T. ) ;
#471 = AXIS2_PLACEMENT_3D ( 'NONE', #3263, #1235, #2272 ) ;
#472 = CARTESIAN_POINT ( 'NONE',  ( 1.371599999999999300, 10.71879999999999800, -1.397000000000000000 ) ) ;
#473 = VECTOR ( 'NONE', #3223, 1000.000000000000100 ) ;
#474 = CARTESIAN_POINT ( 'NONE',  ( 3.752850000000000000, -2.198526388573793300E-016, 1.016000000000059100 ) ) ;
#475 = CARTESIAN_POINT ( 'NONE',  ( 2.527300000000001200, 8.458199999999996200, -1.397000000000000000 ) ) ;
#476 = DIRECTION ( 'NONE',  ( 1.000000000000000000, -0.0000000000000000000, 0.0000000000000000000 ) ) ;
#477 = LINE ( 'NONE', #2711, #394 ) ;
#478 = DIRECTION ( 'NONE',  ( 0.0000000000000000000, 0.0000000000000000000, 1.000000000000000000 ) ) ;
#479 = CIRCLE ( 'NONE', #2096, 1.054100000000000000 ) ;
#480 = CARTESIAN_POINT ( 'NONE',  ( 6.407149999999997900, -4.152905989688341600, -1.651000000000003100 ) ) ;
#481 = LINE ( 'NONE', #2704, #235 ) ;
#482 = ADVANCED_FACE ( 'NONE', ( #2579 ), #1907, .F. ) ;
#483 = VECTOR ( 'NONE', #2281, 1000.000000000000000 ) ;
#484 = CARTESIAN_POINT ( 'NONE',  ( 3.003549999999999700, -1.002079768494315700, 0.5080000000000588500 ) ) ;
#485 = ORIENTED_EDGE ( 'NONE', *, *, #2804, .F. ) ;
#486 = EDGE_CURVE ( 'NONE', #28, #620, #3099, .T. ) ;
#487 = EDGE_CURVE ( 'NONE', #2859, #1683, #1987, .T. ) ;
#488 = ORIENTED_EDGE ( 'NONE', *, *, #59, .T. ) ;
#489 = CARTESIAN_POINT ( 'NONE',  ( 7.156449999999999500, -1.002079768494315700, 0.5080000000000588500 ) ) ;
#490 = CIRCLE ( 'NONE', #273, 0.5079999999999997900 ) ;
#491 = ORIENTED_EDGE ( 'NONE', *, *, #1230, .T. ) ;
#492 = EDGE_CURVE ( 'NONE', #2179, #704, #912, .T. ) ;
#493 = FACE_OUTER_BOUND ( 'NONE', #302, .T. ) ;
#494 = ORIENTED_EDGE ( 'NONE', *, *, #355, .T. ) ;
#495 = CARTESIAN_POINT ( 'NONE',  ( 8.108950000000000100, 0.07904078947368625700, 1.562100000000059300 ) ) ;
#496 = VECTOR ( 'NONE', #2338, 1000.000000000000000 ) ;
#497 =( NAMED_UNIT ( * ) PLANE_ANGLE_UNIT ( ) SI_UNIT ( $, .RADIAN. ) );
#498 = ORIENTED_EDGE ( 'NONE', *, *, #1123, .T. ) ;
#499 = CARTESIAN_POINT ( 'NONE',  ( 8.191500000000001300, 8.458199999999996200, -1.397000000000000000 ) ) ;
#500 = CARTESIAN_POINT ( 'NONE',  ( 3.003549999999999300, -2.602230959075063000, -0.9951327182066916900 ) ) ;
#501 = DIRECTION ( 'NONE',  ( 1.000000000000000000, 0.0000000000000000000, 0.0000000000000000000 ) ) ;
#502 = ORIENTED_EDGE ( 'NONE', *, *, #550, .F. ) ;
#503 = ORIENTED_EDGE ( 'NONE', *, *, #421, .T. ) ;
#504 = DIRECTION ( 'NONE',  ( 0.0000000000000000000, -0.06975647374412133300, -0.9975640502598245300 ) ) ;
#505 = ORIENTED_EDGE ( 'NONE', *, *, #381, .T. ) ;
#506 = FILL_AREA_STYLE_COLOUR ( '', #1623 ) ;
#507 = ORIENTED_EDGE ( 'NONE', *, *, #131, .T. ) ;
#508 = CARTESIAN_POINT ( 'NONE',  ( 1.301749999999999500, -6.266210372774345600E-016, 1.562100000000059300 ) ) ;
#509 = EDGE_CURVE ( 'NONE', #2099, #2104, #2662, .T. ) ;
#510 = CIRCLE ( 'NONE', #405, 0.5080000000000001200 ) ;
#511 = ORIENTED_EDGE ( 'NONE', *, *, #150, .F. ) ;
#512 = ADVANCED_FACE ( 'NONE', ( #2419 ), #2155, .T. ) ;
#513 = LINE ( 'NONE', #2540, #1027 ) ;
#514 = VECTOR ( 'NONE', #145, 1000.000000000000000 ) ;
#515 = AXIS2_PLACEMENT_3D ( 'NONE', #3058, #539, #2314 ) ;
#516 = DIRECTION ( 'NONE',  ( 0.0000000000000000000, -0.9975640502598246400, -0.06975647374411962600 ) ) ;
#517 = VECTOR ( 'NONE', #927, 1000.000000000000000 ) ;
#518 = DIRECTION ( 'NONE',  ( 1.000000000000000000, 0.0000000000000000000, 0.0000000000000000000 ) ) ;
#519 = ADVANCED_FACE ( 'NONE', ( #1909 ), #312, .T. ) ;
#520 = FACE_OUTER_BOUND ( 'NONE', #2373, .T. ) ;
#521 = CARTESIAN_POINT ( 'NONE',  ( 1.301749999999999500, -2.637667247737075300, -0.4883701806747005600 ) ) ;
#522 = VECTOR ( 'NONE', #3000, 1000.000000000000000 ) ;
#523 = VECTOR ( 'NONE', #663, 1000.000000000000000 ) ;
#524 = CARTESIAN_POINT ( 'NONE',  ( 1.968500000000000100, 1.301750000000000900, 3.429000000000000300 ) ) ;
#525 = VERTEX_POINT ( 'NONE', #2640 ) ;
#526 = CARTESIAN_POINT ( 'NONE',  ( 8.858250000000000000, -1.002079768494315900, 1.562100000000059100 ) ) ;
#527 = ORIENTED_EDGE ( 'NONE', *, *, #3233, .F. ) ;
#528 = EDGE_CURVE ( 'NONE', #698, #2835, #3261, .T. ) ;
#529 = MECHANICAL_DESIGN_GEOMETRIC_PRESENTATION_REPRESENTATION (  '', ( #973 ), #2566 ) ;
#530 = DIRECTION ( 'NONE',  ( 0.0000000000000000000, -2.163903925761482300E-016, 1.000000000000000000 ) ) ;
#531 = ADVANCED_FACE ( 'NONE', ( #437 ), #2890, .F. ) ;
#532 = EDGE_LOOP ( 'NONE', ( #2961, #1414, #3201, #2431 ) ) ;
#533 = DIRECTION ( 'NONE',  ( 0.0000000000000000000, 1.000000000000000000, 0.0000000000000000000 ) ) ;
#534 = VECTOR ( 'NONE', #3292, 1000.000000000000000 ) ;
#535 = MECHANICAL_DESIGN_GEOMETRIC_PRESENTATION_REPRESENTATION (  '', ( #2810 ), #1044 ) ;
#536 = ORIENTED_EDGE ( 'NONE', *, *, #332, .F. ) ;
#537 = DIRECTION ( 'NONE',  ( 1.000000000000000000, 0.0000000000000000000, 0.0000000000000000000 ) ) ;
#538 = CARTESIAN_POINT ( 'NONE',  ( 8.858250000000000000, -1.586134982358195400, -0.5619004796483803000 ) ) ;
#539 = DIRECTION ( 'NONE',  ( 1.000000000000000000, 0.0000000000000000000, 0.0000000000000000000 ) ) ;
#540 = ORIENTED_EDGE ( 'NONE', *, *, #948, .F. ) ;
#541 = DIRECTION ( 'NONE',  ( -1.552186360036513800E-015, 1.000000000000000000, 0.0000000000000000000 ) ) ;
#542 = DIRECTION ( 'NONE',  ( -1.000000000000000000, -0.0000000000000000000, -0.0000000000000000000 ) ) ;
#543 = ORIENTED_EDGE ( 'NONE', *, *, #796, .F. ) ;
#544 = CARTESIAN_POINT ( 'NONE',  ( 2.051049999999999200, -1.586134982358195400, -0.5619004796483803000 ) ) ;
#545 = ORIENTED_EDGE ( 'NONE', *, *, #2543, .F. ) ;
#546 = CARTESIAN_POINT ( 'NONE',  ( 4.705349999999999300, -2.130904710205085100, -0.5238064693367142600 ) ) ;
#547 = PLANE ( 'NONE',  #64 ) ;
#548 = EDGE_LOOP ( 'NONE', ( #1970, #935, #1258, #1600 ) ) ;
#549 = PLANE ( 'NONE',  #68 ) ;
#550 = EDGE_CURVE ( 'NONE', #1219, #3190, #603, .T. ) ;
#551 = AXIS2_PLACEMENT_3D ( 'NONE', #1741, #1000, #2765 ) ;
#552 = VECTOR ( 'NONE', #10, 1000.000000000000000 ) ;
#553 = DIRECTION ( 'NONE',  ( 0.0000000000000000000, -1.000000000000000000, 0.0000000000000000000 ) ) ;
#554 = ORIENTED_EDGE ( 'NONE', *, *, #931, .T. ) ;
#555 = DIRECTION ( 'NONE',  ( 0.0000000000000000000, 0.0000000000000000000, -1.000000000000000000 ) ) ;
#556 = ADVANCED_FACE ( 'NONE', ( #2072 ), #1352, .T. ) ;
#557 = LINE ( 'NONE', #457, #2228 ) ;
#558 = EDGE_CURVE ( 'NONE', #2041, #2185, #1311, .T. ) ;
#559 = AXIS2_PLACEMENT_3D ( 'NONE', #2467, #1713, #751 ) ;
#560 = LINE ( 'NONE', #3061, #986 ) ;
#561 = LINE ( 'NONE', #1934, #1430 ) ;
#562 = CARTESIAN_POINT ( 'NONE',  ( 7.632699999999998900, 8.458199999999996200, -1.397000000000000000 ) ) ;
#563 = AXIS2_PLACEMENT_3D ( 'NONE', #1417, #2175, #3150 ) ;
#564 = LINE ( 'NONE', #2687, #609 ) ;
#565 = DIRECTION ( 'NONE',  ( 0.0000000000000000000, 0.06975647374412179100, 0.9975640502598245300 ) ) ;
#566 = PRESENTATION_STYLE_ASSIGNMENT (( #2421 ) ) ;
#567 = PLANE ( 'NONE',  #2923 ) ;
#568 = CARTESIAN_POINT ( 'NONE',  ( 2.527300000000001200, 8.458199999999996200, 0.0000000000000000000 ) ) ;
#569 = VECTOR ( 'NONE', #1528, 1000.000000000000100 ) ;
#570 = ORIENTED_EDGE ( 'NONE', *, *, #1253, .F. ) ;
#571 = PLANE ( 'NONE',  #2138 ) ;
#572 = VECTOR ( 'NONE', #413, 1000.000000000000000 ) ;
#573 = EDGE_LOOP ( 'NONE', ( #458, #3048, #2439, #342 ) ) ;
#574 = DIRECTION ( 'NONE',  ( 0.0000000000000000000, 0.06975647374412132000, 0.9975640502598245300 ) ) ;
#575 = ADVANCED_FACE ( 'NONE', ( #2781 ), #122, .F. ) ;
#576 = VERTEX_POINT ( 'NONE', #2654 ) ;
#577 = DIRECTION ( 'NONE',  ( -1.000000000000000000, -0.0000000000000000000, -0.0000000000000000000 ) ) ;
#578 = LINE ( 'NONE', #2827, #1330 ) ;
#579 = DIRECTION ( 'NONE',  ( 1.000000000000000000, 0.0000000000000000000, 0.0000000000000000000 ) ) ;
#580 = CARTESIAN_POINT ( 'NONE',  ( 8.108950000000000100, -2.564136948763400300, -1.539902446053583100 ) ) ;
#581 = ORIENTED_EDGE ( 'NONE', *, *, #2423, .F. ) ;
#582 = EDGE_CURVE ( 'NONE', #612, #2092, #2452, .T. ) ;
#583 = FACE_OUTER_BOUND ( 'NONE', #3027, .T. ) ;
#584 = CARTESIAN_POINT ( 'NONE',  ( 3.752850000000000000, -1.002079768494315900, 1.562100000000058900 ) ) ;
#585 = CARTESIAN_POINT ( 'NONE',  ( 2.051049999999999200, 0.0000000000000000000, 1.016000000000059300 ) ) ;
#586 = ORIENTED_EDGE ( 'NONE', *, *, #1693, .T. ) ;
#587 = AXIS2_PLACEMENT_3D ( 'NONE', #1803, #62, #1815 ) ;
#588 = VERTEX_POINT ( 'NONE', #2925 ) ;
#589 = DIRECTION ( 'NONE',  ( -1.000000000000000000, -0.0000000000000000000, -0.0000000000000000000 ) ) ;
#590 = VERTEX_POINT ( 'NONE', #1901 ) ;
#591 = DIRECTION ( 'NONE',  ( 1.000000000000000000, 1.552186360036513800E-015, -0.0000000000000000000 ) ) ;
#592 = ADVANCED_FACE ( 'NONE', ( #2490 ), #1629, .T. ) ;
#593 = ORIENTED_EDGE ( 'NONE', *, *, #2476, .F. ) ;
#594 = FILL_AREA_STYLE ('',( #2620 ) ) ;
#595 = ORIENTED_EDGE ( 'NONE', *, *, #1169, .F. ) ;
#596 = CARTESIAN_POINT ( 'NONE',  ( 6.407149999999998800, 0.09467949703534367400, -1.353979888455918400 ) ) ;
#597 = CIRCLE ( 'NONE', #226, 1.054100000000000000 ) ;
#598 = EDGE_LOOP ( 'NONE', ( #2320, #540, #3154, #1725 ) ) ;
#599 = DIRECTION ( 'NONE',  ( 1.000000000000000000, 0.0000000000000000000, 0.0000000000000000000 ) ) ;
#600 = EDGE_CURVE ( 'NONE', #1053, #3079, #561, .T. ) ;
#601 = DIRECTION ( 'NONE',  ( 1.000000000000000000, 0.0000000000000000000, 0.0000000000000000000 ) ) ;
#602 = LINE ( 'NONE', #1781, #311 ) ;
#603 = LINE ( 'NONE', #2396, #1351 ) ;
#604 = CARTESIAN_POINT ( 'NONE',  ( 8.788400000000001100, 10.71879999999999600, -1.397000000000000000 ) ) ;
#605 = VECTOR ( 'NONE', #2170, 1000.000000000000000 ) ;
#606 = CARTESIAN_POINT ( 'NONE',  ( 8.858250000000000000, -4.191000000000001600, -1.106230272153112300 ) ) ;
#607 = DIRECTION ( 'NONE',  ( 0.0000000000000000000, 0.0000000000000000000, -1.000000000000000000 ) ) ;
#608 = FACE_OUTER_BOUND ( 'NONE', #240, .T. ) ;
#609 = VECTOR ( 'NONE', #3200, 1000.000000000000000 ) ;
#610 = CARTESIAN_POINT ( 'NONE',  ( 4.705349999999999300, -2.637667247737076200, -0.4883701806747018900 ) ) ;
#611 = ADVANCED_FACE ( 'NONE', ( #1785 ), #3203, .T. ) ;
#612 = VERTEX_POINT ( 'NONE', #1402 ) ;
#613 = DIRECTION ( 'NONE',  ( -0.0000000000000000000, -1.000000000000000000, 0.0000000000000000000 ) ) ;
#614 = VECTOR ( 'NONE', #1659, 1000.000000000000000 ) ;
#615 = DIRECTION ( 'NONE',  ( 0.0000000000000000000, -1.000000000000000000, 0.0000000000000000000 ) ) ;
#616 = VERTEX_POINT ( 'NONE', #116 ) ;
#617 = ORIENTED_EDGE ( 'NONE', *, *, #2176, .T. ) ;
#618 = CARTESIAN_POINT ( 'NONE',  ( 5.454649999999999100, -2.053612033873196500, 0.5815302989737370900 ) ) ;
#619 = VECTOR ( 'NONE', #108, 1000.000000000000000 ) ;
#620 = VERTEX_POINT ( 'NONE', #1889 ) ;
#621 = CARTESIAN_POINT ( 'NONE',  ( 2.051049999999999200, 0.07904078947368624300, 1.562100000000059300 ) ) ;
#622 = EDGE_CURVE ( 'NONE', #1473, #620, #2864, .T. ) ;
#623 = LINE ( 'NONE', #1378, #3240 ) ;
#624 = CARTESIAN_POINT ( 'NONE',  ( 0.0000000000000000000, 8.458199999999996200, -1.397000000000000000 ) ) ;
#625 = ORIENTED_EDGE ( 'NONE', *, *, #2969, .T. ) ;
#626 = DIRECTION ( 'NONE',  ( 0.0000000000000000000, 0.0000000000000000000, 1.000000000000000000 ) ) ;
#627 = EDGE_CURVE ( 'NONE', #1440, #576, #1111, .T. ) ;
#628 = AXIS2_PLACEMENT_3D ( 'NONE', #2193, #911, #2428 ) ;
#629 = ORIENTED_EDGE ( 'NONE', *, *, #1405, .F. ) ;
#630 = CARTESIAN_POINT ( 'NONE',  ( 8.108950000000000100, 0.05658548672368050900, -0.8092101606090257300 ) ) ;
#631 = EDGE_LOOP ( 'NONE', ( #3253, #1942, #2606, #1495 ) ) ;
#632 = CARTESIAN_POINT ( 'NONE',  ( 1.968500000000000600, 8.458199999999996200, 0.0000000000000000000 ) ) ;
#633 = VERTEX_POINT ( 'NONE', #1152 ) ;
#634 =( NAMED_UNIT ( * ) PLANE_ANGLE_UNIT ( ) SI_UNIT ( $, .RADIAN. ) );
#635 = VECTOR ( 'NONE', #2848, 1000.000000000000100 ) ;
#636 = UNCERTAINTY_MEASURE_WITH_UNIT (LENGTH_MEASURE( 1.000000000000000100E-005 ), #3291, 'distance_accuracy_value', 'NONE');
#637 = VERTEX_POINT ( 'NONE', #2399 ) ;
#638 = CARTESIAN_POINT ( 'NONE',  ( 9.937749999999985200, 4.226214051081150200E-015, 1.016000000000063300 ) ) ;
#639 = CARTESIAN_POINT ( 'NONE',  ( 8.858250000000000000, -2.637667247737075300, -0.4883701806747005600 ) ) ;
#640 = LINE ( 'NONE', #719, #714 ) ;
#641 = CARTESIAN_POINT ( 'NONE',  ( 3.752850000000000000, -2.637667247737075300, -0.4883701806747005600 ) ) ;
#642 = PRESENTATION_STYLE_ASSIGNMENT (( #243 ) ) ;
#643 = APPLICATION_CONTEXT ( 'automotive_design' ) ;
#644 = EDGE_CURVE ( 'NONE', #706, #1277, #79, .T. ) ;
#645 = AXIS2_PLACEMENT_3D ( 'NONE', #1447, #2229, #2197 ) ;
#646 = ORIENTED_EDGE ( 'NONE', *, *, #2423, .T. ) ;
#647 = CARTESIAN_POINT ( 'NONE',  ( 8.858250000000000000, -1.586134982358195400, -0.5619004796483804100 ) ) ;
#648 = AXIS2_PLACEMENT_3D ( 'NONE', #1085, #2354, #316 ) ;
#649 = FACE_OUTER_BOUND ( 'NONE', #2592, .T. ) ;
#650 = VERTEX_POINT ( 'NONE', #632 ) ;
#651 = DIRECTION ( 'NONE',  ( 1.000000000000000000, 0.0000000000000000000, 0.0000000000000000000 ) ) ;
#652 = DIRECTION ( 'NONE',  ( 1.552186360036513800E-015, 1.000000000000000000, 0.0000000000000000000 ) ) ;
#653 = FACE_OUTER_BOUND ( 'NONE', #1264, .T. ) ;
#654 = VERTEX_POINT ( 'NONE', #2737 ) ;
#655 = DIRECTION ( 'NONE',  ( -1.552186360036513800E-015, 1.000000000000000000, 0.0000000000000000000 ) ) ;
#656 = ORIENTED_EDGE ( 'NONE', *, *, #381, .F. ) ;
#657 = LINE ( 'NONE', #987, #2679 ) ;
#658 = DIRECTION ( 'NONE',  ( 0.0000000000000000000, 0.06975647374412179100, 0.9975640502598245300 ) ) ;
#659 = CARTESIAN_POINT ( 'NONE',  ( 1.968500000000000600, 8.458199999999996200, 0.0000000000000000000 ) ) ;
#660 = ORIENTED_EDGE ( 'NONE', *, *, #2030, .F. ) ;
#661 = LINE ( 'NONE', #2643, #2601 ) ;
#662 = ORIENTED_EDGE ( 'NONE', *, *, #2660, .F. ) ;
#663 = DIRECTION ( 'NONE',  ( 1.000000000000000000, 0.0000000000000000000, 0.0000000000000000000 ) ) ;
#664 = EDGE_CURVE ( 'NONE', #1452, #2353, #1072, .T. ) ;
#665 = EDGE_CURVE ( 'NONE', #134, #2018, #477, .T. ) ;
#666 = CARTESIAN_POINT ( 'NONE',  ( 3.752850000000000000, 0.0000000000000000000, 0.0000000000000000000 ) ) ;
#667 = ORIENTED_EDGE ( 'NONE', *, *, #169, .F. ) ;
#668 = EDGE_CURVE ( 'NONE', #709, #1348, #1187, .T. ) ;
#669 = AXIS2_PLACEMENT_3D ( 'NONE', #2716, #2474, #442 ) ;
#670 = ORIENTED_EDGE ( 'NONE', *, *, #19, .T. ) ;
#671 = CARTESIAN_POINT ( 'NONE',  ( 5.454649999999999100, -5.706327223607973000E-017, 1.016000000000059100 ) ) ;
#672 = CARTESIAN_POINT ( 'NONE',  ( 3.752850000000000000, 0.0000000000000000000, 1.016000000000059300 ) ) ;
#673 = EDGE_LOOP ( 'NONE', ( #943, #1299, #753, #255 ) ) ;
#674 = DIRECTION ( 'NONE',  ( 0.0000000000000000000, -0.06975647374412180500, -0.9975640502598245300 ) ) ;
#675 = ORIENTED_EDGE ( 'NONE', *, *, #1632, .F. ) ;
#676 = ORIENTED_EDGE ( 'NONE', *, *, #1503, .T. ) ;
#677 = DIRECTION ( 'NONE',  ( 0.0000000000000000000, 0.0000000000000000000, 1.000000000000000000 ) ) ;
#678 = VECTOR ( 'NONE', #2574, 1000.000000000000000 ) ;
#679 = CARTESIAN_POINT ( 'NONE',  ( 2.051049999999999200, -1.002079768494317000, 1.016000000000058900 ) ) ;
#680 = VERTEX_POINT ( 'NONE', #2454 ) ;
#681 = CYLINDRICAL_SURFACE ( 'NONE', #1194, 1.054100000000000000 ) ;
#682 = LINE ( 'NONE', #1826, #3057 ) ;
#683 = DIRECTION ( 'NONE',  ( -1.000000000000000000, -0.0000000000000000000, -0.0000000000000000000 ) ) ;
#684 = LINE ( 'NONE', #453, #2269 ) ;
#685 = VECTOR ( 'NONE', #1146, 1000.000000000000000 ) ;
#686 = VECTOR ( 'NONE', #1911, 1000.000000000000000 ) ;
#687 = EDGE_CURVE ( 'NONE', #1053, #654, #2267, .T. ) ;
#688 = AXIS2_PLACEMENT_3D ( 'NONE', #1881, #1122, #127 ) ;
#689 = ORIENTED_EDGE ( 'NONE', *, *, #3040, .F. ) ;
#690 = VERTEX_POINT ( 'NONE', #1985 ) ;
#691 = DIRECTION ( 'NONE',  ( -0.0000000000000000000, -1.000000000000000000, -0.0000000000000000000 ) ) ;
#692 = AXIS2_PLACEMENT_3D ( 'NONE', #102, #2115, #1852 ) ;
#693 = ORIENTED_EDGE ( 'NONE', *, *, #869, .F. ) ;
#694 = LINE ( 'NONE', #2358, #2549 ) ;
#695 = ORIENTED_EDGE ( 'NONE', *, *, #1957, .T. ) ;
#696 = CARTESIAN_POINT ( 'NONE',  ( 0.0000000000000000000, 9.016999999999999500, -1.397000000000000000 ) ) ;
#697 = VECTOR ( 'NONE', #2134, 1000.000000000000000 ) ;
#698 = VERTEX_POINT ( 'NONE', #1434 ) ;
#699 = CARTESIAN_POINT ( 'NONE',  ( 3.752850000000000000, 0.05658548672368050900, -0.8092101606090257300 ) ) ;
#700 = DIRECTION ( 'NONE',  ( -1.000000000000000000, 0.0000000000000000000, -0.0000000000000000000 ) ) ;
#701 = ORIENTED_EDGE ( 'NONE', *, *, #2660, .T. ) ;
#702 = EDGE_CURVE ( 'NONE', #2222, #1064, #2189, .T. ) ;
#703 = CARTESIAN_POINT ( 'NONE',  ( 0.0000000000000000000, 9.016999999999999500, -1.397000000000000000 ) ) ;
#704 = VERTEX_POINT ( 'NONE', #1690 ) ;
#705 = CARTESIAN_POINT ( 'NONE',  ( 3.003549999999999700, -1.002079768494316800, 1.016000000000058900 ) ) ;
#706 = VERTEX_POINT ( 'NONE', #176 ) ;
#707 = CARTESIAN_POINT ( 'NONE',  ( 1.396999999999999800, 1.301750000000000900, 3.175000000000000300 ) ) ;
#708 = DIRECTION ( 'NONE',  ( 0.0000000000000000000, 0.06975647374412179100, 0.9975640502598245300 ) ) ;
#709 = VERTEX_POINT ( 'NONE', #1205 ) ;
#710 = DIRECTION ( 'NONE',  ( 1.000000000000000000, 0.0000000000000000000, 0.0000000000000000000 ) ) ;
#711 = LINE ( 'NONE', #2522, #552 ) ;
#712 = ORIENTED_EDGE ( 'NONE', *, *, #218, .F. ) ;
#713 = CARTESIAN_POINT ( 'NONE',  ( 3.752850000000000000, -4.191000000000001600, -1.106230272153112300 ) ) ;
#714 = VECTOR ( 'NONE', #1200, 1000.000000000000100 ) ;
#715 = DIRECTION ( 'NONE',  ( 0.0000000000000000000, 0.1432442247327341300, 0.9896873708806825900 ) ) ;
#716 = VECTOR ( 'NONE', #1441, 1000.000000000000000 ) ;
#717 = CARTESIAN_POINT ( 'NONE',  ( 7.632699999999999800, 9.016999999999999500, -1.397000000000000000 ) ) ;
#718 = CIRCLE ( 'NONE', #2615, 1.054100000000000000 ) ;
#719 = CARTESIAN_POINT ( 'NONE',  ( 7.156449999999999500, -4.152905989688340700, -1.651000000000002700 ) ) ;
#720 = FILL_AREA_STYLE ('',( #452 ) ) ;
#721 = SURFACE_STYLE_FILL_AREA ( #594 ) ;
#722 = EDGE_CURVE ( 'NONE', #1196, #3234, #1148, .T. ) ;
#723 = ORIENTED_EDGE ( 'NONE', *, *, #1845, .F. ) ;
#724 = EDGE_CURVE ( 'NONE', #884, #1219, #306, .T. ) ;
#725 = LINE ( 'NONE', #814, #47 ) ;
#726 = DIRECTION ( 'NONE',  ( -1.000000000000000000, -0.0000000000000000000, -0.0000000000000000000 ) ) ;
#727 = ORIENTED_EDGE ( 'NONE', *, *, #3040, .T. ) ;
#728 = EDGE_CURVE ( 'NONE', #2220, #347, #557, .T. ) ;
#729 = AXIS2_PLACEMENT_3D ( 'NONE', #2525, #501, #2 ) ;
#730 = VECTOR ( 'NONE', #2247, 1000.000000000000100 ) ;
#731 = DIRECTION ( 'NONE',  ( 0.0000000000000000000, 0.06975647374411955700, -0.9975640502598246400 ) ) ;
#732 = ORIENTED_EDGE ( 'NONE', *, *, #3284, .F. ) ;
#733 = CARTESIAN_POINT ( 'NONE',  ( 8.858250000000000000, -4.152905989688341600, -1.651000000000002900 ) ) ;
#734 = LINE ( 'NONE', #82, #52 ) ;
#735 = CARTESIAN_POINT ( 'NONE',  ( 5.454649999999999100, -1.002079768494315700, 0.5080000000000588500 ) ) ;
#736 = ORIENTED_EDGE ( 'NONE', *, *, #2899, .T. ) ;
#737 = VECTOR ( 'NONE', #2732, 1000.000000000000100 ) ;
#738 = UNCERTAINTY_MEASURE_WITH_UNIT (LENGTH_MEASURE( 1.000000000000000100E-005 ), #3015, 'distance_accuracy_value', 'NONE');
#739 = ORIENTED_EDGE ( 'NONE', *, *, #2417, .T. ) ;
#740 = CIRCLE ( 'NONE', #648, 1.054100000000000000 ) ;
#741 = ORIENTED_EDGE ( 'NONE', *, *, #146, .T. ) ;
#742 = ADVANCED_FACE ( 'NONE', ( #1467 ), #3259, .F. ) ;
#743 = DIRECTION ( 'NONE',  ( 0.0000000000000000000, -8.228457812241755700E-016, 1.000000000000000000 ) ) ;
#744 = ORIENTED_EDGE ( 'NONE', *, *, #2997, .T. ) ;
#745 = EDGE_CURVE ( 'NONE', #2216, #2104, #2734, .T. ) ;
#746 = CARTESIAN_POINT ( 'NONE',  ( 0.0000000000000000000, 10.71879999999999800, 0.0000000000000000000 ) ) ;
#747 = ORIENTED_EDGE ( 'NONE', *, *, #702, .T. ) ;
#748 = DIRECTION ( 'NONE',  ( 1.000000000000000000, 0.0000000000000000000, 0.0000000000000000000 ) ) ;
#749 = DIRECTION ( 'NONE',  ( 1.000000000000000000, 0.0000000000000000000, 0.0000000000000000000 ) ) ;
#750 = EDGE_CURVE ( 'NONE', #1936, #375, #2343, .T. ) ;
#751 = DIRECTION ( 'NONE',  ( 0.0000000000000000000, 0.0000000000000000000, -1.000000000000000000 ) ) ;
#752 = AXIS2_PLACEMENT_3D ( 'NONE', #3290, #1758, #232 ) ;
#753 = ORIENTED_EDGE ( 'NONE', *, *, #1867, .T. ) ;
#754 = PLANE ( 'NONE',  #3060 ) ;
#755 = ORIENTED_EDGE ( 'NONE', *, *, #2456, .T. ) ;
#756 = VERTEX_POINT ( 'NONE', #500 ) ;
#757 = CARTESIAN_POINT ( 'NONE',  ( 1.371599999999998600, 10.71879999999999800, 0.0000000000000000000 ) ) ;
#758 = CARTESIAN_POINT ( 'NONE',  ( 0.0000000000000000000, 9.016999999999999500, -1.397000000000000000 ) ) ;
#759 = CARTESIAN_POINT ( 'NONE',  ( 1.968500000000000600, 3.860799999999998500, 0.0000000000000000000 ) ) ;
#760 = ORIENTED_EDGE ( 'NONE', *, *, #582, .F. ) ;
#761 = DIRECTION ( 'NONE',  ( 0.0000000000000000000, 0.0000000000000000000, 1.000000000000000000 ) ) ;
#762 = VECTOR ( 'NONE', #2817, 1000.000000000000100 ) ;
#763 = DIRECTION ( 'NONE',  ( 1.000000000000000000, 0.0000000000000000000, 0.0000000000000000000 ) ) ;
#764 = LINE ( 'NONE', #1480, #1591 ) ;
#765 = VECTOR ( 'NONE', #2963, 1000.000000000000000 ) ;
#766 = FACE_OUTER_BOUND ( 'NONE', #1014, .T. ) ;
#767 = VERTEX_POINT ( 'NONE', #2014 ) ;
#768 = CARTESIAN_POINT ( 'NONE',  ( 8.108950000000000100, -2.130904710205085100, -0.5238064693367142600 ) ) ;
#769 = VECTOR ( 'NONE', #388, 1000.000000000000000 ) ;
#770 = EDGE_CURVE ( 'NONE', #2691, #3039, #2487, .T. ) ;
#771 = AXIS2_PLACEMENT_3D ( 'NONE', #1746, #2976, #708 ) ;
#772 = DIRECTION ( 'NONE',  ( -1.000000000000000000, -0.0000000000000000000, -0.0000000000000000000 ) ) ;
#773 = ADVANCED_FACE ( 'NONE', ( #3014 ), #350, .T. ) ;
#774 = ORIENTED_EDGE ( 'NONE', *, *, #2895, .T. ) ;
#775 = DIRECTION ( 'NONE',  ( 0.0000000000000000000, 0.0000000000000000000, 1.000000000000000000 ) ) ;
#776 = EDGE_LOOP ( 'NONE', ( #1438, #1321, #1481, #425 ) ) ;
#777 = AXIS2_PLACEMENT_3D ( 'NONE', #639, #3179, #1647 ) ;
#778 = CARTESIAN_POINT ( 'NONE',  ( 8.858250000000000000, -1.586134982358195400, -0.5619004796483803000 ) ) ;
#779 = VECTOR ( 'NONE', #1580, 1000.000000000000000 ) ;
#780 = ORIENTED_EDGE ( 'NONE', *, *, #397, .F. ) ;
#781 = CARTESIAN_POINT ( 'NONE',  ( 5.454649999999999100, -2.637667247737075300, -0.4883701806747005600 ) ) ;
#782 = VECTOR ( 'NONE', #831, 1000.000000000000000 ) ;
#783 = ORIENTED_EDGE ( 'NONE', *, *, #1972, .F. ) ;
#784 = DIRECTION ( 'NONE',  ( -0.0000000000000000000, -0.0000000000000000000, -1.000000000000000000 ) ) ;
#785 = VERTEX_POINT ( 'NONE', #2787 ) ;
#786 = CARTESIAN_POINT ( 'NONE',  ( 1.301749999999999500, -2.602230959075063000, -0.9951327182066919100 ) ) ;
#787 = ORIENTED_EDGE ( 'NONE', *, *, #397, .T. ) ;
#788 = ADVANCED_FACE ( 'NONE', ( #1658 ), #3005, .F. ) ;
#789 = CARTESIAN_POINT ( 'NONE',  ( 8.858250000000000000, -4.191000000000004300, -1.106230272153112800 ) ) ;
#790 = EDGE_CURVE ( 'NONE', #2731, #2324, #2069, .T. ) ;
#791 = AXIS2_PLACEMENT_3D ( 'NONE', #252, #731, #2488 ) ;
#792 = ORIENTED_EDGE ( 'NONE', *, *, #600, .T. ) ;
#793 = CARTESIAN_POINT ( 'NONE',  ( 1.301749999999999500, -1.002079768494315700, 0.5080000000000588500 ) ) ;
#794 = PLANE ( 'NONE',  #1426 ) ;
#795 = ORIENTED_EDGE ( 'NONE', *, *, #3257, .F. ) ;
#796 = EDGE_CURVE ( 'NONE', #1007, #1016, #908, .T. ) ;
#797 = AXIS2_PLACEMENT_3D ( 'NONE', #1935, #3182, #1650 ) ;
#798 = CIRCLE ( 'NONE', #2954, 0.5080000000000001200 ) ;
#799 = ORIENTED_EDGE ( 'NONE', *, *, #2280, .T. ) ;
#800 = DIRECTION ( 'NONE',  ( 1.000000000000000000, 0.0000000000000000000, 0.0000000000000000000 ) ) ;
#801 = DIRECTION ( 'NONE',  ( 0.0000000000000000000, 0.0000000000000000000, -1.000000000000000000 ) ) ;
#802 = CARTESIAN_POINT ( 'NONE',  ( 8.191500000000001300, 0.0000000000000000000, 0.0000000000000000000 ) ) ;
#803 = ADVANCED_FACE ( 'NONE', ( #1391 ), #3268, .F. ) ;
#804 = VERTEX_POINT ( 'NONE', #1707 ) ;
#805 = LINE ( 'NONE', #270, #569 ) ;
#806 = DIRECTION ( 'NONE',  ( 0.0000000000000000000, 4.011401557374117600E-016, -1.000000000000000000 ) ) ;
#807 = ADVANCED_FACE ( 'NONE', ( #1428 ), #2861, .F. ) ;
#808 = ORIENTED_EDGE ( 'NONE', *, *, #869, .T. ) ;
#809 = DIRECTION ( 'NONE',  ( -0.0000000000000000000, 1.000000000000000000, 0.0000000000000000000 ) ) ;
#810 = ORIENTED_EDGE ( 'NONE', *, *, #2089, .T. ) ;
#811 = EDGE_CURVE ( 'NONE', #244, #3136, #2186, .T. ) ;
#812 = AXIS2_PLACEMENT_3D ( 'NONE', #416, #2208, #677 ) ;
#813 = ORIENTED_EDGE ( 'NONE', *, *, #2417, .F. ) ;
#814 = CARTESIAN_POINT ( 'NONE',  ( 8.191500000000001300, 8.458199999999996200, 0.0000000000000000000 ) ) ;
#815 = VECTOR ( 'NONE', #2471, 1000.000000000000000 ) ;
#816 = ORIENTED_EDGE ( 'NONE', *, *, #2157, .T. ) ;
#817 = CARTESIAN_POINT ( 'NONE',  ( 5.454649999999999100, -1.002079768494315700, 0.5080000000000588500 ) ) ;
#818 = FACE_OUTER_BOUND ( 'NONE', #2985, .T. ) ;
#819 = ORIENTED_EDGE ( 'NONE', *, *, #1916, .F. ) ;
#820 = CARTESIAN_POINT ( 'NONE',  ( 0.0000000000000000000, 1.696776399939814400E-014, 1.016000000000056400 ) ) ;
#821 = CARTESIAN_POINT ( 'NONE',  ( 4.705349999999998400, -4.247585486723684400, -0.2970201115440862500 ) ) ;
#822 = ORIENTED_EDGE ( 'NONE', *, *, #2418, .T. ) ;
#823 = ADVANCED_FACE ( 'NONE', ( #2971 ), #2939, .T. ) ;
#824 = CARTESIAN_POINT ( 'NONE',  ( 0.4445000000000000600, 0.3492500000000006200, 3.429000000000000300 ) ) ;
#825 = ORIENTED_EDGE ( 'NONE', *, *, #308, .F. ) ;
#826 = ORIENTED_EDGE ( 'NONE', *, *, #107, .F. ) ;
#827 = CARTESIAN_POINT ( 'NONE',  ( 7.156449999999999500, -2.084085915805831100, 0.1457334839086657200 ) ) ;
#828 = EDGE_CURVE ( 'NONE', #680, #2747, #1906, .T. ) ;
#829 = EDGE_CURVE ( 'NONE', #2442, #2508, #36, .T. ) ;
#830 = ORIENTED_EDGE ( 'NONE', *, *, #1674, .F. ) ;
#831 = DIRECTION ( 'NONE',  ( 1.000000000000000000, 0.0000000000000000000, -0.0000000000000000000 ) ) ;
#832 = ORIENTED_EDGE ( 'NONE', *, *, #622, .F. ) ;
#833 = EDGE_CURVE ( 'NONE', #2434, #223, #2107, .T. ) ;
#834 = CARTESIAN_POINT ( 'NONE',  ( 0.0000000000000000000, 8.458199999999996200, 0.0000000000000000000 ) ) ;
#835 = DIRECTION ( 'NONE',  ( 1.000000000000000000, 0.0000000000000000000, -0.0000000000000000000 ) ) ;
#836 = STYLED_ITEM ( 'NONE', ( #1954 ), #1809 ) ;
#837 = VECTOR ( 'NONE', #2627, 1000.000000000000100 ) ;
#838 = ADVANCED_FACE ( 'NONE', ( #2028 ), #2733, .F. ) ;
#839 = PRODUCT_DEFINITION_FORMATION_WITH_SPECIFIED_SOURCE ( 'ANY', '', #2310, .NOT_KNOWN. ) ;
#840 = FACE_OUTER_BOUND ( 'NONE', #3247, .T. ) ;
#841 = DIRECTION ( 'NONE',  ( -1.000000000000000000, -0.0000000000000000000, -0.0000000000000000000 ) ) ;
#842 = LINE ( 'NONE', #1543, #2307 ) ;
#843 = DIRECTION ( 'NONE',  ( 0.0000000000000000000, 1.000000000000000000, 4.011401557374117600E-016 ) ) ;
#844 = DIRECTION ( 'NONE',  ( -1.000000000000000000, -0.0000000000000000000, -0.0000000000000000000 ) ) ;
#845 = LINE ( 'NONE', #2569, #2709 ) ;
#846 = ORIENTED_EDGE ( 'NONE', *, *, #509, .T. ) ;
#847 = PLANE ( 'NONE',  #1170 ) ;
#848 = FACE_OUTER_BOUND ( 'NONE', #166, .T. ) ;
#849 = ORIENTED_EDGE ( 'NONE', *, *, #687, .F. ) ;
#850 = ORIENTED_EDGE ( 'NONE', *, *, #2919, .F. ) ;
#851 = CARTESIAN_POINT ( 'NONE',  ( 2.051049999999999200, -1.002079768494315700, 0.5080000000000588500 ) ) ;
#852 = DIRECTION ( 'NONE',  ( -0.09077904039057840800, -0.1426527777566242200, 0.9856010099548827600 ) ) ;
#853 = LINE ( 'NONE', #2249, #208 ) ;
#854 = DIRECTION ( 'NONE',  ( 0.0000000000000000000, 0.1432442247327341300, 0.9896873708806825900 ) ) ;
#855 = ORIENTED_EDGE ( 'NONE', *, *, #1061, .T. ) ;
#856 = EDGE_CURVE ( 'NONE', #1651, #112, #1545, .T. ) ;
#857 = AXIS2_PLACEMENT_3D ( 'NONE', #2761, #2498, #239 ) ;
#858 = ADVANCED_FACE ( 'NONE', ( #2303 ), #181, .T. ) ;
#859 = VECTOR ( 'NONE', #3145, 1000.000000000000100 ) ;
#860 = ORIENTED_EDGE ( 'NONE', *, *, #3059, .F. ) ;
#861 = DIRECTION ( 'NONE',  ( 0.0000000000000000000, 1.000000000000000000, 4.011401557374117600E-016 ) ) ;
#862 = ORIENTED_EDGE ( 'NONE', *, *, #1689, .T. ) ;
#863 = DIRECTION ( 'NONE',  ( 0.0000000000000000000, -0.9975640502598245300, 0.06975647374412133300 ) ) ;
#864 = EDGE_LOOP ( 'NONE', ( #1345, #446, #2888, #2896 ) ) ;
#865 = ORIENTED_EDGE ( 'NONE', *, *, #1339, .F. ) ;
#866 = DIRECTION ( 'NONE',  ( -1.000000000000000000, -0.0000000000000000000, -0.0000000000000000000 ) ) ;
#867 = LINE ( 'NONE', #3104, #2901 ) ;
#868 = ORIENTED_EDGE ( 'NONE', *, *, #1668, .T. ) ;
#869 = EDGE_CURVE ( 'NONE', #73, #1348, #945, .T. ) ;
#870 = STYLED_ITEM ( 'NONE', ( #566 ), #322 ) ;
#871 = UNCERTAINTY_MEASURE_WITH_UNIT (LENGTH_MEASURE( 1.000000000000000100E-005 ), #1686, 'distance_accuracy_value', 'NONE');
#872 = LINE ( 'NONE', #2663, #3224 ) ;
#873 = DIRECTION ( 'NONE',  ( 0.0000000000000000000, 0.06975647374411470000, -0.9975640502598249700 ) ) ;
#874 = FILL_AREA_STYLE_COLOUR ( '', #1117 ) ;
#875 = AXIS2_PLACEMENT_3D ( 'NONE', #2978, #419, #1432 ) ;
#876 = VECTOR ( 'NONE', #3185, 1000.000000000000000 ) ;
#877 = CARTESIAN_POINT ( 'NONE',  ( 1.968500000000000600, 0.0000000000000000000, 0.0000000000000000000 ) ) ;
#878 = VECTOR ( 'NONE', #918, 1000.000000000000000 ) ;
#879 = DIRECTION ( 'NONE',  ( 0.0000000000000000000, -8.228457812241755700E-016, 1.000000000000000000 ) ) ;
#880 = ORIENTED_EDGE ( 'NONE', *, *, #2315, .T. ) ;
#881 = PLANE ( 'NONE',  #2943 ) ;
#882 = VECTOR ( 'NONE', #533, 1000.000000000000000 ) ;
#883 = ORIENTED_EDGE ( 'NONE', *, *, #3213, .T. ) ;
#884 = VERTEX_POINT ( 'NONE', #472 ) ;
#885 = CARTESIAN_POINT ( 'NONE',  ( 2.051049999999999200, -4.152905989688340700, -1.651000000000002500 ) ) ;
#886 =( NAMED_UNIT ( * ) SI_UNIT ( $, .STERADIAN. ) SOLID_ANGLE_UNIT ( ) );
#887 = VECTOR ( 'NONE', #3162, 1000.000000000000000 ) ;
#888 = ORIENTED_EDGE ( 'NONE', *, *, #728, .T. ) ;
#889 = EDGE_CURVE ( 'NONE', #1975, #2146, #268, .T. ) ;
#890 = EDGE_CURVE ( 'NONE', #1775, #2172, #1624, .T. ) ;
#891 = CYLINDRICAL_SURFACE ( 'NONE', #2285, 1.054100000000000000 ) ;
#892 = APPLICATION_PROTOCOL_DEFINITION ( 'draft international standard', 'automotive_design', 1998, #643 ) ;
#893 = ORIENTED_EDGE ( 'NONE', *, *, #3233, .T. ) ;
#894 = VECTOR ( 'NONE', #2021, 1000.000000000000100 ) ;
#895 = EDGE_CURVE ( 'NONE', #924, #73, #640, .T. ) ;
#896 =( GEOMETRIC_REPRESENTATION_CONTEXT ( 3 ) GLOBAL_UNCERTAINTY_ASSIGNED_CONTEXT ( ( #1323 ) ) GLOBAL_UNIT_ASSIGNED_CONTEXT ( ( #1587, #66, #2367 ) ) REPRESENTATION_CONTEXT ( 'NONE', 'WORKASPACE' ) );
#897 = ORIENTED_EDGE ( 'NONE', *, *, #668, .T. ) ;
#898 = CARTESIAN_POINT ( 'NONE',  ( 5.454649999999999100, 0.0000000000000000000, 1.562100000000059300 ) ) ;
#899 = ORIENTED_EDGE ( 'NONE', *, *, #2497, .T. ) ;
#900 = DIRECTION ( 'NONE',  ( 0.0000000000000000000, 1.000000000000000000, 0.0000000000000000000 ) ) ;
#901 = ORIENTED_EDGE ( 'NONE', *, *, #2992, .T. ) ;
#902 = FILL_AREA_STYLE ('',( #2420 ) ) ;
#903 = ORIENTED_EDGE ( 'NONE', *, *, #1297, .F. ) ;
#904 = EDGE_LOOP ( 'NONE', ( #488, #2410, #1520, #1969 ) ) ;
#905 = ORIENTED_EDGE ( 'NONE', *, *, #811, .T. ) ;
#906 = CARTESIAN_POINT ( 'NONE',  ( 4.705349999999999300, -6.266210372774345600E-016, 1.562100000000059300 ) ) ;
#907 = DIRECTION ( 'NONE',  ( 0.0000000000000000000, -0.06975647374412180500, -0.9975640502598245300 ) ) ;
#908 = LINE ( 'NONE', #1483, #75 ) ;
#909 = ORIENTED_EDGE ( 'NONE', *, *, #3012, .T. ) ;
#910 = CARTESIAN_POINT ( 'NONE',  ( 0.1286710526315840400, 9.016999999999999500, -7.199102425303749400E-014 ) ) ;
#911 = DIRECTION ( 'NONE',  ( 1.000000000000000000, 0.0000000000000000000, 0.0000000000000000000 ) ) ;
#912 = LINE ( 'NONE', #1376, #158 ) ;
#913 = CARTESIAN_POINT ( 'NONE',  ( 10.16000000000000000, 9.016999999999999500, -1.397000000000000000 ) ) ;
#914 = EDGE_CURVE ( 'NONE', #134, #2395, #121, .T. ) ;
#915 = CARTESIAN_POINT ( 'NONE',  ( 2.527300000000000800, 9.016999999999999500, 0.0000000000000000000 ) ) ;
#916 = VECTOR ( 'NONE', #1287, 1000.000000000000000 ) ;
#917 = DIRECTION ( 'NONE',  ( 0.0000000000000000000, -0.0000000000000000000, -1.000000000000000000 ) ) ;
#918 = DIRECTION ( 'NONE',  ( -0.0000000000000000000, -0.0000000000000000000, 1.000000000000000000 ) ) ;
#919 = LINE ( 'NONE', #2236, #2670 ) ;
#920 = EDGE_LOOP ( 'NONE', ( #2885, #2007, #3125, #148 ) ) ;
#921 = DIRECTION ( 'NONE',  ( -1.000000000000000000, -0.0000000000000000000, 0.0000000000000000000 ) ) ;
#922 = VECTOR ( 'NONE', #2371, 1000.000000000000000 ) ;
#923 = ORIENTED_EDGE ( 'NONE', *, *, #3195, .F. ) ;
#924 = VERTEX_POINT ( 'NONE', #967 ) ;
#925 = VECTOR ( 'NONE', #2121, 1000.000000000000000 ) ;
#926 = FILL_AREA_STYLE ('',( #1677 ) ) ;
#927 = DIRECTION ( 'NONE',  ( -0.8602915336341745400, -0.5098023903017323600, 0.0000000000000000000 ) ) ;
#928 = VERTEX_POINT ( 'NONE', #3002 ) ;
#929 = FACE_OUTER_BOUND ( 'NONE', #341, .T. ) ;
#930 = ORIENTED_EDGE ( 'NONE', *, *, #245, .T. ) ;
#931 = EDGE_CURVE ( 'NONE', #654, #144, #3180, .T. ) ;
#932 = AXIS2_PLACEMENT_3D ( 'NONE', #2242, #2463, #944 ) ;
#933 = ORIENTED_EDGE ( 'NONE', *, *, #644, .T. ) ;
#934 = AXIS2_PLACEMENT_3D ( 'NONE', #2942, #1150, #1887 ) ;
#935 = ORIENTED_EDGE ( 'NONE', *, *, #169, .T. ) ;
#936 = DIRECTION ( 'NONE',  ( 0.0000000000000000000, 0.1432442247327341300, 0.9896873708806825900 ) ) ;
#937 = PLANE ( 'NONE',  #1770 ) ;
#938 = CARTESIAN_POINT ( 'NONE',  ( 3.752850000000000000, -1.002079768494315700, 0.5080000000000588500 ) ) ;
#939 = EDGE_LOOP ( 'NONE', ( #2205, #3228, #2085, #180 ) ) ;
#940 = ORIENTED_EDGE ( 'NONE', *, *, #1081, .T. ) ;
#941 = DIRECTION ( 'NONE',  ( -1.000000000000000000, 0.0000000000000000000, -0.0000000000000000000 ) ) ;
#942 = LINE ( 'NONE', #1312, #1556 ) ;
#943 = ORIENTED_EDGE ( 'NONE', *, *, #2953, .F. ) ;
#944 = DIRECTION ( 'NONE',  ( 0.0000000000000000000, -8.228457812241755700E-016, 1.000000000000000000 ) ) ;
#945 = CIRCLE ( 'NONE', #932, 1.054100000000000000 ) ;
#946 = DIRECTION ( 'NONE',  ( 0.0000000000000000000, 0.1432442247327341300, 0.9896873708806825900 ) ) ;
#947 = DIRECTION ( 'NONE',  ( -0.0000000000000000000, -0.0000000000000000000, 1.000000000000000000 ) ) ;
#948 = EDGE_CURVE ( 'NONE', #223, #954, #2821, .T. ) ;
#949 = VECTOR ( 'NONE', #947, 1000.000000000000000 ) ;
#950 = VECTOR ( 'NONE', #715, 1000.000000000000100 ) ;
#951 = EDGE_CURVE ( 'NONE', #364, #2479, #2617, .T. ) ;
#952 = AXIS2_PLACEMENT_3D ( 'NONE', #3032, #1764, #202 ) ;
#953 = DIRECTION ( 'NONE',  ( -1.000000000000000000, -0.0000000000000000000, -0.0000000000000000000 ) ) ;
#954 = VERTEX_POINT ( 'NONE', #2506 ) ;
#955 = LINE ( 'NONE', #1019, #882 ) ;
#956 = DIRECTION ( 'NONE',  ( 0.0000000000000000000, 0.0000000000000000000, 1.000000000000000000 ) ) ;
#957 = CARTESIAN_POINT ( 'NONE',  ( 1.968500000000000600, 3.860799999999998500, 0.0000000000000000000 ) ) ;
#958 = ORIENTED_EDGE ( 'NONE', *, *, #376, .T. ) ;
#959 = DIRECTION ( 'NONE',  ( -1.000000000000000000, -0.0000000000000000000, -0.0000000000000000000 ) ) ;
#960 = ORIENTED_EDGE ( 'NONE', *, *, #1845, .T. ) ;
#961 = DIRECTION ( 'NONE',  ( 1.000000000000000000, 0.0000000000000000000, 0.0000000000000000000 ) ) ;
#962 = VERTEX_POINT ( 'NONE', #495 ) ;
#963 = CARTESIAN_POINT ( 'NONE',  ( 1.968500000000000100, 1.301750000000000900, 3.175000000000000300 ) ) ;
#964 = LINE ( 'NONE', #2637, #2245 ) ;
#965 = VERTEX_POINT ( 'NONE', #1003 ) ;
#966 = CARTESIAN_POINT ( 'NONE',  ( 3.752850000000000000, -4.152905989688340700, -1.651000000000002700 ) ) ;
#967 = CARTESIAN_POINT ( 'NONE',  ( 7.156449999999999500, -4.152905989688340700, -1.651000000000002500 ) ) ;
#968 = DIRECTION ( 'NONE',  ( -1.552186360036513800E-015, -1.000000000000000000, -0.0000000000000000000 ) ) ;
#969 = DIRECTION ( 'NONE',  ( -1.000000000000000000, -0.0000000000000000000, -0.0000000000000000000 ) ) ;
#970 = VERTEX_POINT ( 'NONE', #758 ) ;
#971 = EDGE_CURVE ( 'NONE', #1203, #71, #2063, .T. ) ;
#972 = CARTESIAN_POINT ( 'NONE',  ( 5.454649999999999100, -2.637667247737076200, -0.4883701806747018900 ) ) ;
#973 = STYLED_ITEM ( 'NONE', ( #2824 ), #384 ) ;
#974 = ORIENTED_EDGE ( 'NONE', *, *, #2497, .F. ) ;
#975 = CARTESIAN_POINT ( 'NONE',  ( 8.858250000000000000, -2.602230959075063400, -0.9951327182066919100 ) ) ;
#976 = ORIENTED_EDGE ( 'NONE', *, *, #1163, .T. ) ;
#977 = AXIS2_PLACEMENT_3D ( 'NONE', #2553, #1523, #2305 ) ;
#978 = EDGE_LOOP ( 'NONE', ( #744, #2240, #2950, #1685 ) ) ;
#979 = SURFACE_STYLE_USAGE ( .BOTH. , #1212 ) ;
#980 = DIRECTION ( 'NONE',  ( -0.0000000000000000000, 0.9975640502598246400, 0.06975647374411947400 ) ) ;
#981 = ORIENTED_EDGE ( 'NONE', *, *, #2022, .T. ) ;
#982 = ADVANCED_FACE ( 'NONE', ( #2225 ), #1183, .F. ) ;
#983 = ORIENTED_EDGE ( 'NONE', *, *, #1292, .T. ) ;
#984 = CARTESIAN_POINT ( 'NONE',  ( 3.003549999999999700, -0.1440352721723030200, 0.02084721044599177300 ) ) ;
#985 = VECTOR ( 'NONE', #749, 1000.000000000000000 ) ;
#986 = VECTOR ( 'NONE', #2796, 1000.000000000000000 ) ;
#987 = CARTESIAN_POINT ( 'NONE',  ( 8.108950000000000100, -4.247585486723684400, -0.2970201115440862500 ) ) ;
#988 = LINE ( 'NONE', #3003, #353 ) ;
#989 = EDGE_CURVE ( 'NONE', #73, #2999, #711, .T. ) ;
#990 = EDGE_CURVE ( 'NONE', #2878, #924, #3255, .T. ) ;
#991 = DIRECTION ( 'NONE',  ( 0.0000000000000000000, -0.9896873708806837000, -0.1432442247327270800 ) ) ;
#992 = ADVANCED_FACE ( 'NONE', ( #1819 ), #3294, .F. ) ;
#993 = CARTESIAN_POINT ( 'NONE',  ( 3.752850000000000000, -2.084085915805831100, 0.1457334839086657200 ) ) ;
#994 = VECTOR ( 'NONE', #1028, 1000.000000000000000 ) ;
#995 = PLANE ( 'NONE',  #2545 ) ;
#996 = ORIENTED_EDGE ( 'NONE', *, *, #2157, .F. ) ;
#997 = EDGE_CURVE ( 'NONE', #1651, #588, #433, .T. ) ;
#998 = AXIS2_PLACEMENT_3D ( 'NONE', #2406, #1664, #154 ) ;
#999 = FACE_OUTER_BOUND ( 'NONE', #2521, .T. ) ;
#1000 = DIRECTION ( 'NONE',  ( 0.0000000000000000000, 0.9975640502598245300, -0.06975647374412179100 ) ) ;
#1001 = ADVANCED_FACE ( 'NONE', ( #3141 ), #3042, .F. ) ;
#1002 = ORIENTED_EDGE ( 'NONE', *, *, #3111, .F. ) ;
#1003 = CARTESIAN_POINT ( 'NONE',  ( 3.003549999999999700, -1.508842306026307200, 0.5434362886620723900 ) ) ;
#1004 = VERTEX_POINT ( 'NONE', #3078 ) ;
#1005 = FACE_OUTER_BOUND ( 'NONE', #76, .T. ) ;
#1006 = CARTESIAN_POINT ( 'NONE',  ( 8.858250000000000000, 0.07904078947368624300, 1.562100000000059300 ) ) ;
#1007 = VERTEX_POINT ( 'NONE', #1025 ) ;
#1008 = VECTOR ( 'NONE', #2110, 1000.000000000000000 ) ;
#1009 = EDGE_LOOP ( 'NONE', ( #2126, #1106, #1895, #1206 ) ) ;
#1010 = CARTESIAN_POINT ( 'NONE',  ( 8.858250000000000000, -2.053612033873196500, 0.5815302989737373100 ) ) ;
#1011 = ADVANCED_FACE ( 'NONE', ( #1386 ), #31, .F. ) ;
#1012 = CARTESIAN_POINT ( 'NONE',  ( 5.454649999999999100, 0.0000000000000000000, 0.0000000000000000000 ) ) ;
#1013 = DIRECTION ( 'NONE',  ( -0.0000000000000000000, 1.000000000000000000, 0.0000000000000000000 ) ) ;
#1014 = EDGE_LOOP ( 'NONE', ( #1542, #2210, #1484, #2055, #242, #94 ) ) ;
#1015 = CARTESIAN_POINT ( 'NONE',  ( 7.156449999999999500, -2.602230959075063000, -0.9951327182066916900 ) ) ;
#1016 = VERTEX_POINT ( 'NONE', #2046 ) ;
#1017 = DIRECTION ( 'NONE',  ( 0.0000000000000000000, 0.1432442247327270800, -0.9896873708806837000 ) ) ;
#1018 = EDGE_CURVE ( 'NONE', #3054, #590, #1305, .T. ) ;
#1019 = CARTESIAN_POINT ( 'NONE',  ( 7.156449999999999500, 0.0000000000000000000, 1.016000000000058900 ) ) ;
#1020 = AXIS2_PLACEMENT_3D ( 'NONE', #2027, #1466, #1494 ) ;
#1021 = ORIENTED_EDGE ( 'NONE', *, *, #1485, .T. ) ;
#1022 = ORIENTED_EDGE ( 'NONE', *, *, #2591, .F. ) ;
#1023 = LINE ( 'NONE', #2278, #1218 ) ;
#1024 = CARTESIAN_POINT ( 'NONE',  ( 3.003549999999999700, -2.053612033873196500, 0.5815302989737373100 ) ) ;
#1025 = CARTESIAN_POINT ( 'NONE',  ( 3.003549999999999700, -1.586134982358195400, -0.5619004796483803000 ) ) ;
#1026 = ADVANCED_FACE ( 'NONE', ( #1621 ), #1525, .F. ) ;
#1027 = VECTOR ( 'NONE', #2784, 1000.000000000000100 ) ;
#1028 = DIRECTION ( 'NONE',  ( 1.000000000000000000, 0.0000000000000000000, 0.0000000000000000000 ) ) ;
#1029 = VECTOR ( 'NONE', #2708, 1000.000000000000100 ) ;
#1030 = CARTESIAN_POINT ( 'NONE',  ( 3.003549999999999300, -4.152905989688341600, -1.651000000000003100 ) ) ;
#1031 = FACE_OUTER_BOUND ( 'NONE', #1365, .T. ) ;
#1032 = CARTESIAN_POINT ( 'NONE',  ( 8.108950000000000100, -4.191000000000003400, -1.106230272153112800 ) ) ;
#1033 = PLANE ( 'NONE',  #1088 ) ;
#1034 = DIRECTION ( 'NONE',  ( 0.0000000000000000000, 0.0000000000000000000, 1.000000000000000000 ) ) ;
#1035 = FACE_OUTER_BOUND ( 'NONE', #2029, .T. ) ;
#1036 = DIRECTION ( 'NONE',  ( -0.0000000000000000000, -1.000000000000000000, -0.0000000000000000000 ) ) ;
#1037 = FACE_OUTER_BOUND ( 'NONE', #939, .T. ) ;
#1038 = EDGE_CURVE ( 'NONE', #2395, #804, #2657, .T. ) ;
#1039 = AXIS2_PLACEMENT_3D ( 'NONE', #1873, #1094, #2135 ) ;
#1040 = DIRECTION ( 'NONE',  ( 0.0000000000000000000, 1.000000000000000000, 4.011401557374117600E-016 ) ) ;
#1041 = EDGE_LOOP ( 'NONE', ( #24, #2828, #2931, #2402 ) ) ;
#1042 = CARTESIAN_POINT ( 'NONE',  ( 7.156449999999999500, -1.002079768494315900, 1.562100000000058900 ) ) ;
#1043 = EDGE_LOOP ( 'NONE', ( #860, #2752, #880, #736 ) ) ;
#1044 =( GEOMETRIC_REPRESENTATION_CONTEXT ( 3 ) GLOBAL_UNCERTAINTY_ASSIGNED_CONTEXT ( ( #738 ) ) GLOBAL_UNIT_ASSIGNED_CONTEXT ( ( #3015, #1952, #3245 ) ) REPRESENTATION_CONTEXT ( 'NONE', 'WORKASPACE' ) );
#1045 = DIRECTION ( 'NONE',  ( 0.0000000000000000000, -0.0000000000000000000, -1.000000000000000000 ) ) ;
#1046 = ADVANCED_FACE ( 'NONE', ( #1946 ), #794, .T. ) ;
#1047 = ORIENTED_EDGE ( 'NONE', *, *, #2280, .F. ) ;
#1048 = PLANE ( 'NONE',  #2795 ) ;
#1049 = LINE ( 'NONE', #1270, #3198 ) ;
#1050 = ORIENTED_EDGE ( 'NONE', *, *, #1527, .T. ) ;
#1051 = ADVANCED_FACE ( 'NONE', ( #1734 ), #3301, .F. ) ;
#1052 = DIRECTION ( 'NONE',  ( 0.0000000000000000000, 0.9975640502598246400, 0.06975647374411955700 ) ) ;
#1053 = VERTEX_POINT ( 'NONE', #1504 ) ;
#1054 = DIRECTION ( 'NONE',  ( 1.000000000000000000, 0.0000000000000000000, 0.0000000000000000000 ) ) ;
#1055 = VERTEX_POINT ( 'NONE', #1761 ) ;
#1056 = DIRECTION ( 'NONE',  ( 1.000000000000000000, 0.0000000000000000000, -0.0000000000000000000 ) ) ;
#1057 = CARTESIAN_POINT ( 'NONE',  ( 3.752850000000000000, -2.602230959075063000, -0.9951327182066916900 ) ) ;
#1058 = EDGE_CURVE ( 'NONE', #11, #2835, #1023, .T. ) ;
#1059 = ORIENTED_EDGE ( 'NONE', *, *, #1590, .T. ) ;
#1060 = CARTESIAN_POINT ( 'NONE',  ( 0.0000000000000000000, 0.3492500000000006200, 3.429000000000000300 ) ) ;
#1061 = EDGE_CURVE ( 'NONE', #375, #2464, #1979, .T. ) ;
#1062 = DIRECTION ( 'NONE',  ( 1.000000000000000000, -0.0000000000000000000, 0.0000000000000000000 ) ) ;
#1063 = LINE ( 'NONE', #27, #389 ) ;
#1064 = VERTEX_POINT ( 'NONE', #1816 ) ;
#1065 = DIRECTION ( 'NONE',  ( 0.0000000000000000000, -0.9975640502598246400, -0.06975647374411905700 ) ) ;
#1066 = ADVANCED_FACE ( 'NONE', ( #3176 ), #2567, .F. ) ;
#1067 = AXIS2_PLACEMENT_3D ( 'NONE', #1857, #589, #1068 ) ;
#1068 = DIRECTION ( 'NONE',  ( 0.0000000000000000000, 0.0000000000000000000, 1.000000000000000000 ) ) ;
#1069 = PLANE ( 'NONE',  #2998 ) ;
#1070 = DIRECTION ( 'NONE',  ( 1.000000000000000000, 0.0000000000000000000, 0.0000000000000000000 ) ) ;
#1071 = FACE_OUTER_BOUND ( 'NONE', #1882, .T. ) ;
#1072 = LINE ( 'NONE', #877, #2703 ) ;
#1073 = SURFACE_SIDE_STYLE ('',( #721 ) ) ;
#1074 = CYLINDRICAL_SURFACE ( 'NONE', #812, 1.054100000000000000 ) ;
#1075 = VECTOR ( 'NONE', #248, 1000.000000000000000 ) ;
#1076 = VERTEX_POINT ( 'NONE', #499 ) ;
#1077 = CARTESIAN_POINT ( 'NONE',  ( 8.191500000000001300, 3.860799999999998500, 0.0000000000000000000 ) ) ;
#1078 = CIRCLE ( 'NONE', #448, 1.054100000000000000 ) ;
#1079 = DIRECTION ( 'NONE',  ( 0.0000000000000000000, -0.0000000000000000000, -1.000000000000000000 ) ) ;
#1080 = ORIENTED_EDGE ( 'NONE', *, *, #377, .T. ) ;
#1081 = EDGE_CURVE ( 'NONE', #2747, #22, #468, .T. ) ;
#1082 = AXIS2_PLACEMENT_3D ( 'NONE', #1560, #305, #861 ) ;
#1083 = ADVANCED_FACE ( 'NONE', ( #3053 ), #1308, .F. ) ;
#1084 = ORIENTED_EDGE ( 'NONE', *, *, #2438, .F. ) ;
#1085 = CARTESIAN_POINT ( 'NONE',  ( 8.108950000000000100, -2.637667247737076200, -0.4883701806747018900 ) ) ;
#1086 = DIRECTION ( 'NONE',  ( -1.000000000000000000, -0.0000000000000000000, -0.0000000000000000000 ) ) ;
#1087 = VECTOR ( 'NONE', #2261, 1000.000000000000000 ) ;
#1088 = AXIS2_PLACEMENT_3D ( 'NONE', #287, #2034, #504 ) ;
#1089 = EDGE_LOOP ( 'NONE', ( #221, #379, #1995, #14, #195, #1361 ) ) ;
#1090 = LINE ( 'NONE', #1369, #1522 ) ;
#1091 = CARTESIAN_POINT ( 'NONE',  ( 5.454649999999999100, -2.130904710205084700, -0.5238064693367141500 ) ) ;
#1092 = ORIENTED_EDGE ( 'NONE', *, *, #1572, .T. ) ;
#1093 = PLANE ( 'NONE',  #587 ) ;
#1094 = DIRECTION ( 'NONE',  ( 0.0000000000000000000, 0.9896873708806827000, -0.1432442247327341500 ) ) ;
#1095 = ORIENTED_EDGE ( 'NONE', *, *, #2969, .F. ) ;
#1096 = CARTESIAN_POINT ( 'NONE',  ( 5.454649999999999100, 0.09467949703534367400, -1.353979888455918400 ) ) ;
#1097 = CARTESIAN_POINT ( 'NONE',  ( 7.156449999999999500, 0.09467949703534367400, -1.353979888455918400 ) ) ;
#1098 = ORIENTED_EDGE ( 'NONE', *, *, #466, .T. ) ;
#1099 = DIRECTION ( 'NONE',  ( 0.0000000000000000000, -1.000000000000000000, -2.163903925761482300E-016 ) ) ;
#1100 = ADVANCED_FACE ( 'NONE', ( #2380 ), #1069, .T. ) ;
#1101 = ORIENTED_EDGE ( 'NONE', *, *, #2315, .F. ) ;
#1102 = CARTESIAN_POINT ( 'NONE',  ( 1.633722493597172400E-014, 0.0000000000000000000, -1.397000000000001600 ) ) ;
#1103 = EDGE_CURVE ( 'NONE', #347, #369, #2299, .T. ) ;
#1104 = EDGE_LOOP ( 'NONE', ( #1424, #2843, #2226, #339 ) ) ;
#1105 = VECTOR ( 'NONE', #331, 1000.000000000000100 ) ;
#1106 = ORIENTED_EDGE ( 'NONE', *, *, #1914, .F. ) ;
#1107 = CARTESIAN_POINT ( 'NONE',  ( 4.705349999999999300, -2.198526388573793300E-016, 1.016000000000059100 ) ) ;
#1108 = PLANE ( 'NONE',  #1231 ) ;
#1109 = AXIS2_PLACEMENT_3D ( 'NONE', #1997, #980, #200 ) ;
#1110 = VECTOR ( 'NONE', #691, 1000.000000000000000 ) ;
#1111 = LINE ( 'NONE', #3181, #1825 ) ;
#1112 = DIRECTION ( 'NONE',  ( 1.000000000000000000, 0.0000000000000000000, 0.0000000000000000000 ) ) ;
#1113 = CYLINDRICAL_SURFACE ( 'NONE', #2201, 0.5080000000000001200 ) ;
#1114 = DIRECTION ( 'NONE',  ( 0.0000000000000000000, 0.9975640502598245300, -0.06975647374412179100 ) ) ;
#1115 = LINE ( 'NONE', #2823, #2584 ) ;
#1116 = CARTESIAN_POINT ( 'NONE',  ( 8.858250000000000000, -1.539316187958941700, 0.1076394735970000900 ) ) ;
#1117 = COLOUR_RGB ( '',0.7921568627450980000, 0.8196078431372548800, 0.9333333333333333500 ) ;
#1118 = VECTOR ( 'NONE', #1508, 1000.000000000000100 ) ;
#1119 = CARTESIAN_POINT ( 'NONE',  ( 5.454649999999999100, -2.130904710205085100, -0.5238064693367142600 ) ) ;
#1120 = DIRECTION ( 'NONE',  ( 0.0000000000000000000, -0.06975647374411907100, 0.9975640502598247500 ) ) ;
#1121 = ORIENTED_EDGE ( 'NONE', *, *, #1425, .F. ) ;
#1122 = DIRECTION ( 'NONE',  ( 0.0000000000000000000, 0.06975647374411955700, -0.9975640502598246400 ) ) ;
#1123 = EDGE_CURVE ( 'NONE', #1772, #2172, #867, .T. ) ;
#1124 = EDGE_CURVE ( 'NONE', #1683, #2246, #1861, .T. ) ;
#1125 = ORIENTED_EDGE ( 'NONE', *, *, #421, .F. ) ;
#1126 = CARTESIAN_POINT ( 'NONE',  ( 2.527300000000000800, 0.0000000000000000000, 0.0000000000000000000 ) ) ;
#1127 = VECTOR ( 'NONE', #2928, 1000.000000000000000 ) ;
#1128 = DIRECTION ( 'NONE',  ( 0.0000000000000000000, -0.0000000000000000000, -1.000000000000000000 ) ) ;
#1129 = ORIENTED_EDGE ( 'NONE', *, *, #1577, .F. ) ;
#1130 = EDGE_CURVE ( 'NONE', #2933, #1408, #2570, .T. ) ;
#1131 = FACE_OUTER_BOUND ( 'NONE', #1487, .T. ) ;
#1132 = CARTESIAN_POINT ( 'NONE',  ( 4.705349999999999300, -2.084085915805831100, 0.1457334839086657200 ) ) ;
#1133 = SURFACE_STYLE_USAGE ( .BOTH. , #2407 ) ;
#1134 = EDGE_LOOP ( 'NONE', ( #2728, #2097 ) ) ;
#1135 = ORIENTED_EDGE ( 'NONE', *, *, #3170, .F. ) ;
#1136 = APPLICATION_PROTOCOL_DEFINITION ( 'draft international standard', 'automotive_design', 1998, #2166 ) ;
#1137 = EDGE_LOOP ( 'NONE', ( #2681, #3075, #2839, #2952 ) ) ;
#1138 = ORIENTED_EDGE ( 'NONE', *, *, #890, .T. ) ;
#1139 = CARTESIAN_POINT ( 'NONE',  ( 4.705349999999999300, 1.355252715606882100E-017, 1.016000000000059300 ) ) ;
#1140 = VERTEX_POINT ( 'NONE', #963 ) ;
#1141 = CARTESIAN_POINT ( 'NONE',  ( 5.454649999999999100, -2.564136948763400300, -1.539902446053583100 ) ) ;
#1142 = VECTOR ( 'NONE', #1806, 1000.000000000000100 ) ;
#1143 = ORIENTED_EDGE ( 'NONE', *, *, #1636, .T. ) ;
#1144 = EDGE_CURVE ( 'NONE', #1775, #3116, #1063, .T. ) ;
#1145 = PRESENTATION_LAYER_ASSIGNMENT (  '', '', ( #973 ) ) ;
#1146 = DIRECTION ( 'NONE',  ( 1.000000000000000000, 0.0000000000000000000, 0.0000000000000000000 ) ) ;
#1147 = PRESENTATION_STYLE_ASSIGNMENT (( #979 ) ) ;
#1148 = LINE ( 'NONE', #3235, #473 ) ;
#1149 = DIRECTION ( 'NONE',  ( -0.0000000000000000000, -1.000000000000000000, -0.0000000000000000000 ) ) ;
#1150 = DIRECTION ( 'NONE',  ( 0.0000000000000000000, 0.9869802925154521600, 0.1608412328543666100 ) ) ;
#1151 = AXIS2_PLACEMENT_3D ( 'NONE', #2064, #300, #579 ) ;
#1152 = CARTESIAN_POINT ( 'NONE',  ( 4.705349999999998400, -4.191000000000003400, -1.106230272153112800 ) ) ;
#1153 = LINE ( 'NONE', #659, #878 ) ;
#1154 = DIRECTION ( 'NONE',  ( -0.0000000000000000000, 1.000000000000000000, 0.0000000000000000000 ) ) ;
#1155 = LINE ( 'NONE', #713, #2393 ) ;
#1156 = ORIENTED_EDGE ( 'NONE', *, *, #2235, .F. ) ;
#1157 = VECTOR ( 'NONE', #1611, 1000.000000000000000 ) ;
#1158 = ORIENTED_EDGE ( 'NONE', *, *, #1249, .F. ) ;
#1159 = CARTESIAN_POINT ( 'NONE',  ( 5.454649999999999100, -2.564136948763400300, -1.539902446053583100 ) ) ;
#1160 = VERTEX_POINT ( 'NONE', #1679 ) ;
#1161 = CARTESIAN_POINT ( 'NONE',  ( 5.454649999999999100, -0.1440352721723030200, 0.02084721044599177300 ) ) ;
#1162 = CARTESIAN_POINT ( 'NONE',  ( 0.0000000000000000000, 10.71879999999999600, -1.397000000000000000 ) ) ;
#1163 = EDGE_CURVE ( 'NONE', #2104, #2136, #1265, .T. ) ;
#1164 = EDGE_CURVE ( 'NONE', #962, #2726, #2449, .T. ) ;
#1165 = CIRCLE ( 'NONE', #515, 0.5080000000000001200 ) ;
#1166 = EDGE_LOOP ( 'NONE', ( #2717, #2259, #543, #2818 ) ) ;
#1167 = VECTOR ( 'NONE', #809, 1000.000000000000000 ) ;
#1168 = CARTESIAN_POINT ( 'NONE',  ( 10.16000000000000000, 0.0000000000000000000, -1.397000000000000000 ) ) ;
#1169 = EDGE_CURVE ( 'NONE', #884, #2898, #2413, .T. ) ;
#1170 = AXIS2_PLACEMENT_3D ( 'NONE', #1608, #2344, #607 ) ;
#1171 = VERTEX_POINT ( 'NONE', #604 ) ;
#1172 = CARTESIAN_POINT ( 'NONE',  ( 3.752850000000000000, 0.07904078947368624300, 1.562100000000059300 ) ) ;
#1173 = ORIENTED_EDGE ( 'NONE', *, *, #1461, .F. ) ;
#1174 = ORIENTED_EDGE ( 'NONE', *, *, #1937, .T. ) ;
#1175 = CARTESIAN_POINT ( 'NONE',  ( 8.191500000000001300, 3.860799999999998500, -1.397000000000000000 ) ) ;
#1176 = ORIENTED_EDGE ( 'NONE', *, *, #3128, .T. ) ;
#1177 = ORIENTED_EDGE ( 'NONE', *, *, #2386, .T. ) ;
#1178 = ORIENTED_EDGE ( 'NONE', *, *, #2133, .T. ) ;
#1179 = SURFACE_SIDE_STYLE ('',( #2306 ) ) ;
#1180 = PLANE ( 'NONE',  #669 ) ;
#1181 = EDGE_CURVE ( 'NONE', #2328, #1772, #1654, .T. ) ;
#1182 = EDGE_CURVE ( 'NONE', #2411, #2041, #510, .T. ) ;
#1183 = CYLINDRICAL_SURFACE ( 'NONE', #752, 0.5080000000000001200 ) ;
#1184 = VERTEX_POINT ( 'NONE', #2394 ) ;
#1185 = DIRECTION ( 'NONE',  ( -0.8602915336341745400, -0.5098023903017323600, 0.0000000000000000000 ) ) ;
#1186 = VECTOR ( 'NONE', #2507, 1000.000000000000000 ) ;
#1187 = LINE ( 'NONE', #1912, #1660 ) ;
#1188 = EDGE_CURVE ( 'NONE', #1473, #2479, #264, .T. ) ;
#1189 = AXIS2_PLACEMENT_3D ( 'NONE', #2025, #1275, #518 ) ;
#1190 = VECTOR ( 'NONE', #2444, 1000.000000000000000 ) ;
#1191 = VECTOR ( 'NONE', #941, 1000.000000000000000 ) ;
#1192 = CARTESIAN_POINT ( 'NONE',  ( 7.156449999999999500, 0.0000000000000000000, 0.0000000000000000000 ) ) ;
#1193 = DIRECTION ( 'NONE',  ( 1.000000000000000000, 0.0000000000000000000, 0.0000000000000000000 ) ) ;
#1194 = AXIS2_PLACEMENT_3D ( 'NONE', #2453, #3232, #1709 ) ;
#1195 = LINE ( 'NONE', #2644, #1913 ) ;
#1196 = VERTEX_POINT ( 'NONE', #2105 ) ;
#1197 = LINE ( 'NONE', #3169, #1279 ) ;
#1198 = ORIENTED_EDGE ( 'NONE', *, *, #2899, .F. ) ;
#1199 = ORIENTED_EDGE ( 'NONE', *, *, #269, .T. ) ;
#1200 = DIRECTION ( 'NONE',  ( 0.0000000000000000000, 0.9975640502598246400, 0.06975647374411900200 ) ) ;
#1201 = CARTESIAN_POINT ( 'NONE',  ( 7.156449999999999500, -2.053612033873196500, 0.5815302989737373100 ) ) ;
#1202 = DIRECTION ( 'NONE',  ( 0.0000000000000000000, -0.0000000000000000000, -1.000000000000000000 ) ) ;
#1203 = VERTEX_POINT ( 'NONE', #2548 ) ;
#1204 = VECTOR ( 'NONE', #1388, 1000.000000000000000 ) ;
#1205 = CARTESIAN_POINT ( 'NONE',  ( 6.407149999999999700, -1.586134982358195400, -0.5619004796483803000 ) ) ;
#1206 = ORIENTED_EDGE ( 'NONE', *, *, #1061, .F. ) ;
#1207 = EDGE_CURVE ( 'NONE', #32, #654, #2816, .T. ) ;
#1208 = ORIENTED_EDGE ( 'NONE', *, *, #2480, .T. ) ;
#1209 = AXIS2_PLACEMENT_3D ( 'NONE', #2544, #2298, #1796 ) ;
#1210 = PLANE ( 'NONE',  #1657 ) ;
#1211 = ORIENTED_EDGE ( 'NONE', *, *, #1669, .F. ) ;
#1212 = SURFACE_SIDE_STYLE ('',( #157 ) ) ;
#1213 = CARTESIAN_POINT ( 'NONE',  ( 1.968500000000000600, 8.458199999999996200, 0.0000000000000000000 ) ) ;
#1214 = ORIENTED_EDGE ( 'NONE', *, *, #2341, .T. ) ;
#1215 = PLANE ( 'NONE',  #559 ) ;
#1216 = ORIENTED_EDGE ( 'NONE', *, *, #770, .T. ) ;
#1217 = DIRECTION ( 'NONE',  ( 0.0000000000000000000, -1.000000000000000000, 0.0000000000000000000 ) ) ;
#1218 = VECTOR ( 'NONE', #2820, 1000.000000000000000 ) ;
#1219 = VERTEX_POINT ( 'NONE', #2348 ) ;
#1220 = CARTESIAN_POINT ( 'NONE',  ( 0.0000000000000000000, 8.458199999999996200, 0.0000000000000000000 ) ) ;
#1221 = LINE ( 'NONE', #2599, #1500 ) ;
#1222 = CARTESIAN_POINT ( 'NONE',  ( 4.077442218599304700E-015, 0.3492500000000001700, -1.397000000000000500 ) ) ;
#1223 = CARTESIAN_POINT ( 'NONE',  ( 8.858250000000000000, -1.002079768494316300, 0.5080000000000586300 ) ) ;
#1224 = EDGE_CURVE ( 'NONE', #3234, #2723, #3217, .T. ) ;
#1225 = EDGE_CURVE ( 'NONE', #22, #3299, #798, .T. ) ;
#1226 = DIRECTION ( 'NONE',  ( -0.0000000000000000000, 0.0000000000000000000, 1.000000000000000000 ) ) ;
#1227 = CIRCLE ( 'NONE', #294, 1.054100000000000000 ) ;
#1228 = VECTOR ( 'NONE', #2385, 1000.000000000000000 ) ;
#1229 = VECTOR ( 'NONE', #385, 1000.000000000000000 ) ;
#1230 = EDGE_CURVE ( 'NONE', #2859, #1805, #597, .T. ) ;
#1231 = AXIS2_PLACEMENT_3D ( 'NONE', #2116, #55, #303 ) ;
#1232 = CARTESIAN_POINT ( 'NONE',  ( 2.051049999999999200, -1.002079768494315900, 1.562100000000058900 ) ) ;
#1233 = LINE ( 'NONE', #438, #318 ) ;
#1234 = FACE_OUTER_BOUND ( 'NONE', #904, .T. ) ;
#1235 = DIRECTION ( 'NONE',  ( 0.0000000000000000000, -0.9975640502598245300, 0.06975647374412133300 ) ) ;
#1236 = VERTEX_POINT ( 'NONE', #1032 ) ;
#1237 = DIRECTION ( 'NONE',  ( 0.0000000000000000000, 0.06975647374411955700, -0.9975640502598246400 ) ) ;
#1238 = STYLED_ITEM ( 'NONE', ( #98 ), #3241 ) ;
#1239 = VECTOR ( 'NONE', #921, 1000.000000000000000 ) ;
#1240 = ORIENTED_EDGE ( 'NONE', *, *, #1573, .T. ) ;
#1241 = DIRECTION ( 'NONE',  ( 1.000000000000000000, 0.0000000000000000000, 0.0000000000000000000 ) ) ;
#1242 = DIRECTION ( 'NONE',  ( 0.0000000000000000000, 0.1432442247327341300, 0.9896873708806825900 ) ) ;
#1243 = ORIENTED_EDGE ( 'NONE', *, *, #2000, .F. ) ;
#1244 = CARTESIAN_POINT ( 'NONE',  ( 1.396999999999999800, 1.301750000000000900, 3.175000000000000300 ) ) ;
#1245 = VECTOR ( 'NONE', #2336, 1000.000000000000000 ) ;
#1246 = ADVANCED_FACE ( 'NONE', ( #118 ), #2586, .F. ) ;
#1247 = EDGE_LOOP ( 'NONE', ( #470, #327, #2712, #2409 ) ) ;
#1248 = DIRECTION ( 'NONE',  ( -0.0000000000000000000, 0.0000000000000000000, 1.000000000000000000 ) ) ;
#1249 = EDGE_CURVE ( 'NONE', #418, #2216, #2337, .T. ) ;
#1250 = VECTOR ( 'NONE', #337, 1000.000000000000000 ) ;
#1251 = CARTESIAN_POINT ( 'NONE',  ( 5.454649999999999100, -6.266210372774345600E-016, 1.562100000000059300 ) ) ;
#1252 = ORIENTED_EDGE ( 'NONE', *, *, #1757, .F. ) ;
#1253 = EDGE_CURVE ( 'NONE', #1184, #2603, #2078, .T. ) ;
#1254 = DIRECTION ( 'NONE',  ( 0.0000000000000000000, 0.06975647374411470000, -0.9975640502598249700 ) ) ;
#1255 = AXIS2_PLACEMENT_3D ( 'NONE', #2807, #530, #3029 ) ;
#1256 = VERTEX_POINT ( 'NONE', #562 ) ;
#1257 = CARTESIAN_POINT ( 'NONE',  ( 8.858250000000000000, 0.05658548672368050900, -0.8092101606090257300 ) ) ;
#1258 = ORIENTED_EDGE ( 'NONE', *, *, #1297, .T. ) ;
#1259 = AXIS2_PLACEMENT_3D ( 'NONE', #2304, #2537, #2815 ) ;
#1260 = CARTESIAN_POINT ( 'NONE',  ( 2.051049999999999200, -2.564136948763400300, -1.539902446053583100 ) ) ;
#1261 = ORIENTED_EDGE ( 'NONE', *, *, #997, .T. ) ;
#1262 = ORIENTED_EDGE ( 'NONE', *, *, #2112, .F. ) ;
#1263 = ADVANCED_FACE ( 'NONE', ( #1592 ), #3100, .F. ) ;
#1264 = EDGE_LOOP ( 'NONE', ( #3068, #676, #3276, #204 ) ) ;
#1265 = LINE ( 'NONE', #352, #3008 ) ;
#1266 = ORIENTED_EDGE ( 'NONE', *, *, #3175, .F. ) ;
#1267 = CARTESIAN_POINT ( 'NONE',  ( 8.858250000000000000, 0.09467949703534367400, -1.353979888455918400 ) ) ;
#1268 = LINE ( 'NONE', #2473, #762 ) ;
#1269 = VECTOR ( 'NONE', #1128, 1000.000000000000000 ) ;
#1270 = CARTESIAN_POINT ( 'NONE',  ( 5.454649999999999100, -1.586134982358195400, -0.5619004796483804100 ) ) ;
#1271 = CARTESIAN_POINT ( 'NONE',  ( 8.108950000000000100, -4.152905989688341600, -1.651000000000003100 ) ) ;
#1272 = CIRCLE ( 'NONE', #3285, 0.5080000000000001200 ) ;
#1273 = EDGE_CURVE ( 'NONE', #954, #28, #718, .T. ) ;
#1274 = LINE ( 'NONE', #392, #2195 ) ;
#1275 = DIRECTION ( 'NONE',  ( 0.0000000000000000000, 0.0000000000000000000, 1.000000000000000000 ) ) ;
#1276 = CARTESIAN_POINT ( 'NONE',  ( 6.407149999999999700, -1.002079768494315700, 0.5080000000000588500 ) ) ;
#1277 = VERTEX_POINT ( 'NONE', #1301 ) ;
#1278 = AXIS2_PLACEMENT_3D ( 'NONE', #1830, #1062, #1578 ) ;
#1279 = VECTOR ( 'NONE', #1112, 1000.000000000000000 ) ;
#1280 = ADVANCED_FACE ( 'NONE', ( #608 ), #547, .F. ) ;
#1281 = ORIENTED_EDGE ( 'NONE', *, *, #3105, .T. ) ;
#1282 = ORIENTED_EDGE ( 'NONE', *, *, #1914, .T. ) ;
#1283 = ORIENTED_EDGE ( 'NONE', *, *, #486, .T. ) ;
#1284 = CARTESIAN_POINT ( 'NONE',  ( 2.051049999999999200, -2.602230959075063400, -0.9951327182066919100 ) ) ;
#1285 = CIRCLE ( 'NONE', #1832, 0.5080000000000001200 ) ;
#1286 = ORIENTED_EDGE ( 'NONE', *, *, #2480, .F. ) ;
#1287 = DIRECTION ( 'NONE',  ( -1.000000000000000000, 0.0000000000000000000, -0.0000000000000000000 ) ) ;
#1288 = DIRECTION ( 'NONE',  ( 0.0000000000000000000, -0.9975640502598246400, -0.06975647374411962600 ) ) ;
#1289 = CARTESIAN_POINT ( 'NONE',  ( 6.407149999999999700, -2.637667247737076200, -0.4883701806747018900 ) ) ;
#1290 = VERTEX_POINT ( 'NONE', #2837 ) ;
#1291 = EDGE_CURVE ( 'NONE', #2835, #299, #1221, .T. ) ;
#1292 = EDGE_CURVE ( 'NONE', #2024, #2174, #942, .T. ) ;
#1293 = DIRECTION ( 'NONE',  ( 0.0000000000000000000, 1.000000000000000000, 4.011401557374117600E-016 ) ) ;
#1294 = VERTEX_POINT ( 'NONE', #3083 ) ;
#1295 = CARTESIAN_POINT ( 'NONE',  ( 6.407149999999999700, -2.637667247737075300, -0.4883701806747005600 ) ) ;
#1296 = ADVANCED_FACE ( 'NONE', ( #3019 ), #320, .F. ) ;
#1297 = EDGE_CURVE ( 'NONE', #1682, #1975, #2941, .T. ) ;
#1298 = AXIS2_PLACEMENT_3D ( 'NONE', #802, #1553, #43 ) ;
#1299 = ORIENTED_EDGE ( 'NONE', *, *, #2253, .F. ) ;
#1300 = DIRECTION ( 'NONE',  ( 0.0000000000000000000, 0.0000000000000000000, -1.000000000000000000 ) ) ;
#1301 = CARTESIAN_POINT ( 'NONE',  ( 4.705349999999999300, -1.586134982358195400, -0.5619004796483803000 ) ) ;
#1302 = ADVANCED_FACE ( 'NONE', ( #1951 ), #2140, .F. ) ;
#1303 = ORIENTED_EDGE ( 'NONE', *, *, #2919, .T. ) ;
#1304 = DIRECTION ( 'NONE',  ( 0.0000000000000000000, -8.228457812241755700E-016, 1.000000000000000000 ) ) ;
#1305 = LINE ( 'NONE', #508, #2145 ) ;
#1306 = ORIENTED_EDGE ( 'NONE', *, *, #44, .F. ) ;
#1307 = CARTESIAN_POINT ( 'NONE',  ( 8.858250000000000000, -0.1440352721723030200, 0.02084721044599177300 ) ) ;
#1308 = PLANE ( 'NONE',  #1298 ) ;
#1309 = DIRECTION ( 'NONE',  ( 1.000000000000000000, 0.0000000000000000000, 0.0000000000000000000 ) ) ;
#1310 = SURFACE_STYLE_FILL_AREA ( #3302 ) ;
#1311 = LINE ( 'NONE', #3131, #1866 ) ;
#1312 = CARTESIAN_POINT ( 'NONE',  ( 1.968500000000000600, 0.0000000000000000000, -1.397000000000000000 ) ) ;
#1313 = ADVANCED_FACE ( 'NONE', ( #653 ), #117, .F. ) ;
#1314 = PRESENTATION_STYLE_ASSIGNMENT (( #1133 ) ) ;
#1315 = DIRECTION ( 'NONE',  ( 0.0000000000000000000, 0.0000000000000000000, 1.000000000000000000 ) ) ;
#1316 = ORIENTED_EDGE ( 'NONE', *, *, #1801, .T. ) ;
#1317 = LINE ( 'NONE', #2776, #1665 ) ;
#1318 = EDGE_CURVE ( 'NONE', #2479, #28, #3151, .T. ) ;
#1319 = AXIS2_PLACEMENT_3D ( 'NONE', #2741, #2722, #1716 ) ;
#1320 = ADVANCED_FACE ( 'NONE', ( #2633 ), #2635, .F. ) ;
#1321 = ORIENTED_EDGE ( 'NONE', *, *, #2833, .F. ) ;
#1322 = CARTESIAN_POINT ( 'NONE',  ( 5.454649999999999100, -2.053612033873196500, 0.5815302989737373100 ) ) ;
#1323 = UNCERTAINTY_MEASURE_WITH_UNIT (LENGTH_MEASURE( 1.000000000000000100E-005 ), #1587, 'distance_accuracy_value', 'NONE');
#1324 = ORIENTED_EDGE ( 'NONE', *, *, #2257, .F. ) ;
#1325 = DIRECTION ( 'NONE',  ( 0.0000000000000000000, 0.0000000000000000000, 1.000000000000000000 ) ) ;
#1326 = COLOUR_RGB ( '',0.7921568627450980000, 0.8196078431372548800, 0.9333333333333333500 ) ;
#1327 = ORIENTED_EDGE ( 'NONE', *, *, #1976, .F. ) ;
#1328 = CARTESIAN_POINT ( 'NONE',  ( 4.705349999999998400, 0.05658548672368050900, -0.8092101606090257300 ) ) ;
#1329 = DIRECTION ( 'NONE',  ( 0.0000000000000000000, 0.9896873708806827000, -0.1432442247327341500 ) ) ;
#1330 = VECTOR ( 'NONE', #2327, 1000.000000000000000 ) ;
#1331 = CARTESIAN_POINT ( 'NONE',  ( 3.003549999999999700, -6.266210372774345600E-016, 1.562100000000059300 ) ) ;
#1332 = ORIENTED_EDGE ( 'NONE', *, *, #1181, .T. ) ;
#1333 = LINE ( 'NONE', #77, #859 ) ;
#1334 = CARTESIAN_POINT ( 'NONE',  ( 2.051049999999999200, -2.130904710205085100, -0.5238064693367142600 ) ) ;
#1335 = EDGE_LOOP ( 'NONE', ( #1897, #1678, #689, #3031 ) ) ;
#1336 = VERTEX_POINT ( 'NONE', #2151 ) ;
#1337 = ADVANCED_FACE ( 'NONE', ( #999 ), #1620, .F. ) ;
#1338 = CARTESIAN_POINT ( 'NONE',  ( 2.051049999999999200, 0.07904078947368624300, 1.562100000000059300 ) ) ;
#1339 = EDGE_CURVE ( 'NONE', #590, #3234, #1836, .T. ) ;
#1340 = EDGE_CURVE ( 'NONE', #2999, #12, #3193, .T. ) ;
#1341 = ORIENTED_EDGE ( 'NONE', *, *, #3238, .F. ) ;
#1342 = CARTESIAN_POINT ( 'NONE',  ( 1.968500000000000600, 3.860799999999998500, -1.397000000000000000 ) ) ;
#1343 = EDGE_LOOP ( 'NONE', ( #899, #2466, #581, #1135 ) ) ;
#1344 = EDGE_CURVE ( 'NONE', #344, #1566, #93, .T. ) ;
#1345 = ORIENTED_EDGE ( 'NONE', *, *, #1632, .T. ) ;
#1346 = VECTOR ( 'NONE', #432, 1000.000000000000000 ) ;
#1347 = DIRECTION ( 'NONE',  ( 0.0000000000000000000, 0.06975647374411470000, -0.9975640502598249700 ) ) ;
#1348 = VERTEX_POINT ( 'NONE', #106 ) ;
#1349 = CARTESIAN_POINT ( 'NONE',  ( 2.051049999999999200, -2.637667247737075300, -0.4883701806747005600 ) ) ;
#1350 = FACE_OUTER_BOUND ( 'NONE', #2004, .T. ) ;
#1351 = VECTOR ( 'NONE', #3164, 1000.000000000000000 ) ;
#1352 = PLANE ( 'NONE',  #1039 ) ;
#1353 = ADVANCED_FACE ( 'NONE', ( #445 ), #2886, .F. ) ;
#1354 = FACE_OUTER_BOUND ( 'NONE', #3044, .T. ) ;
#1355 = DIRECTION ( 'NONE',  ( -0.0000000000000000000, 0.0000000000000000000, 1.000000000000000000 ) ) ;
#1356 = CARTESIAN_POINT ( 'NONE',  ( 2.051049999999999200, -2.637667247737075300, -0.4883701806747005600 ) ) ;
#1357 = LINE ( 'NONE', #2573, #3106 ) ;
#1358 = VECTOR ( 'NONE', #2148, 1000.000000000000100 ) ;
#1359 = DIRECTION ( 'NONE',  ( 1.000000000000000000, -0.0000000000000000000, 0.0000000000000000000 ) ) ;
#1360 = EDGE_CURVE ( 'NONE', #970, #2220, #2501, .T. ) ;
#1361 = ORIENTED_EDGE ( 'NONE', *, *, #3284, .T. ) ;
#1362 = EDGE_CURVE ( 'NONE', #1440, #1277, #1078, .T. ) ;
#1363 = DIRECTION ( 'NONE',  ( 0.0000000000000000000, 0.0000000000000000000, 1.000000000000000000 ) ) ;
#1364 = CARTESIAN_POINT ( 'NONE',  ( 7.156449999999999500, -1.508842306026307200, 0.5434362886620723900 ) ) ;
#1365 = EDGE_LOOP ( 'NONE', ( #2613, #660, #2514, #152 ) ) ;
#1366 = EDGE_CURVE ( 'NONE', #620, #2995, #2874, .T. ) ;
#1367 = AXIS2_PLACEMENT_3D ( 'NONE', #484, #2783, #3026 ) ;
#1368 = ORIENTED_EDGE ( 'NONE', *, *, #1188, .T. ) ;
#1369 = CARTESIAN_POINT ( 'NONE',  ( 0.0000000000000000000, 8.458199999999999700, 3.429000000000000300 ) ) ;
#1370 = AXIS2_PLACEMENT_3D ( 'NONE', #2131, #2873, #1871 ) ;
#1371 = EDGE_LOOP ( 'NONE', ( #2057, #362, #2798, #2814 ) ) ;
#1372 = CARTESIAN_POINT ( 'NONE',  ( 3.752850000000000000, -2.053612033873196500, 0.5815302989737370900 ) ) ;
#1373 = LINE ( 'NONE', #2877, #1167 ) ;
#1374 = DIRECTION ( 'NONE',  ( 1.000000000000000000, 0.0000000000000000000, 0.0000000000000000000 ) ) ;
#1375 = ORIENTED_EDGE ( 'NONE', *, *, #1462, .T. ) ;
#1376 = CARTESIAN_POINT ( 'NONE',  ( 8.191500000000001300, 3.860799999999998500, 0.0000000000000000000 ) ) ;
#1377 = ORIENTED_EDGE ( 'NONE', *, *, #2596, .T. ) ;
#1378 = CARTESIAN_POINT ( 'NONE',  ( 6.985128934010153200, 11.78740507614213200, 0.0000000000000000000 ) ) ;
#1379 = PLANE ( 'NONE',  #1854 ) ;
#1380 = EDGE_LOOP ( 'NONE', ( #1059, #46, #2020, #408 ) ) ;
#1381 = ORIENTED_EDGE ( 'NONE', *, *, #1058, .T. ) ;
#1382 = DIRECTION ( 'NONE',  ( 0.0000000000000000000, -1.000000000000000000, -0.0000000000000000000 ) ) ;
#1383 = EDGE_CURVE ( 'NONE', #965, #467, #1197, .T. ) ;
#1384 = AXIS2_PLACEMENT_3D ( 'NONE', #368, #1838, #398 ) ;
#1385 = ORIENTED_EDGE ( 'NONE', *, *, #1038, .T. ) ;
#1386 = FACE_OUTER_BOUND ( 'NONE', #1247, .T. ) ;
#1387 = ORIENTED_EDGE ( 'NONE', *, *, #3277, .F. ) ;
#1388 = DIRECTION ( 'NONE',  ( 0.0000000000000000000, 0.06975647374412179100, 0.9975640502598245300 ) ) ;
#1389 = CARTESIAN_POINT ( 'NONE',  ( 8.858250000000000000, -4.247585486723684400, -0.2970201115440862500 ) ) ;
#1390 = MECHANICAL_DESIGN_GEOMETRIC_PRESENTATION_REPRESENTATION (  '', ( #250 ), #426 ) ;
#1391 = FACE_OUTER_BOUND ( 'NONE', #673, .T. ) ;
#1392 = CARTESIAN_POINT ( 'NONE',  ( 2.527300000000001200, 8.458199999999996200, 0.0000000000000000000 ) ) ;
#1393 = LINE ( 'NONE', #2686, #716 ) ;
#1394 = FACE_OUTER_BOUND ( 'NONE', #2475, .T. ) ;
#1395 = LINE ( 'NONE', #1575, #1989 ) ;
#1396 = DIRECTION ( 'NONE',  ( 0.0000000000000000000, 0.0000000000000000000, -1.000000000000000000 ) ) ;
#1397 = LINE ( 'NONE', #3167, #1229 ) ;
#1398 = VECTOR ( 'NONE', #1288, 1000.000000000000100 ) ;
#1399 = CARTESIAN_POINT ( 'NONE',  ( 8.858250000000000000, -1.002079768494315700, 0.5080000000000588500 ) ) ;
#1400 = DIRECTION ( 'NONE',  ( 0.0000000000000000000, 0.0000000000000000000, 1.000000000000000000 ) ) ;
#1401 = EDGE_LOOP ( 'NONE', ( #958, #1421, #888, #883 ) ) ;
#1402 = CARTESIAN_POINT ( 'NONE',  ( 0.1286710526315841500, 9.016999999999997700, -7.068840418456036700E-014 ) ) ;
#1403 = PLANE ( 'NONE',  #797 ) ;
#1404 = EDGE_CURVE ( 'NONE', #1290, #2082, #3272, .T. ) ;
#1405 = EDGE_CURVE ( 'NONE', #2595, #1064, #407, .T. ) ;
#1406 = ORIENTED_EDGE ( 'NONE', *, *, #338, .T. ) ;
#1407 =( NAMED_UNIT ( * ) PLANE_ANGLE_UNIT ( ) SI_UNIT ( $, .RADIAN. ) );
#1408 = VERTEX_POINT ( 'NONE', #400 ) ;
#1409 = EDGE_CURVE ( 'NONE', #299, #2427, #3113, .T. ) ;
#1410 = AXIS2_PLACEMENT_3D ( 'NONE', #1276, #1309, #775 ) ;
#1411 = VECTOR ( 'NONE', #1981, 1000.000000000000000 ) ;
#1412 = CARTESIAN_POINT ( 'NONE',  ( 2.527300000000000800, 9.016999999999999500, -1.397000000000000000 ) ) ;
#1413 = DIRECTION ( 'NONE',  ( 0.0000000000000000000, -0.9975640502598246400, -0.06975647374411905700 ) ) ;
#1414 = ORIENTED_EDGE ( 'NONE', *, *, #829, .T. ) ;
#1415 = ORIENTED_EDGE ( 'NONE', *, *, #2609, .T. ) ;
#1416 = CARTESIAN_POINT ( 'NONE',  ( 1.968500000000000600, 3.860799999999998500, 0.0000000000000000000 ) ) ;
#1417 = CARTESIAN_POINT ( 'NONE',  ( 3.752850000000000000, -2.637667247737076200, -0.4883701806747018900 ) ) ;
#1418 = ORIENTED_EDGE ( 'NONE', *, *, #2359, .F. ) ;
#1419 = ORIENTED_EDGE ( 'NONE', *, *, #1181, .F. ) ;
#1420 = DIRECTION ( 'NONE',  ( 1.000000000000000000, 0.0000000000000000000, 0.0000000000000000000 ) ) ;
#1421 = ORIENTED_EDGE ( 'NONE', *, *, #1360, .T. ) ;
#1422 = CARTESIAN_POINT ( 'NONE',  ( 0.0000000000000000000, 9.016999999999987000, -1.771093131352933500E-015 ) ) ;
#1423 = ORIENTED_EDGE ( 'NONE', *, *, #2596, .F. ) ;
#1424 = ORIENTED_EDGE ( 'NONE', *, *, #1636, .F. ) ;
#1425 = EDGE_CURVE ( 'NONE', #1290, #1064, #3028, .T. ) ;
#1426 = AXIS2_PLACEMENT_3D ( 'NONE', #2510, #991, #1017 ) ;
#1427 = PLANE ( 'NONE',  #2739 ) ;
#1428 = FACE_OUTER_BOUND ( 'NONE', #1380, .T. ) ;
#1429 = ORIENTED_EDGE ( 'NONE', *, *, #205, .T. ) ;
#1430 = VECTOR ( 'NONE', #2700, 1000.000000000000000 ) ;
#1431 = SURFACE_STYLE_USAGE ( .BOTH. , #1179 ) ;
#1432 = DIRECTION ( 'NONE',  ( 0.0000000000000000000, 0.0000000000000000000, -1.000000000000000000 ) ) ;
#1433 = MECHANICAL_DESIGN_GEOMETRIC_PRESENTATION_REPRESENTATION (  '', ( #2224 ), #2408 ) ;
#1434 = CARTESIAN_POINT ( 'NONE',  ( 7.632699999999999800, 9.016999999999999500, 0.0000000000000000000 ) ) ;
#1435 = LINE ( 'NONE', #1984, #3144 ) ;
#1436 = LINE ( 'NONE', #1960, #950 ) ;
#1437 = FACE_OUTER_BOUND ( 'NONE', #1790, .T. ) ;
#1438 = ORIENTED_EDGE ( 'NONE', *, *, #971, .F. ) ;
#1439 = VECTOR ( 'NONE', #652, 1000.000000000000000 ) ;
#1440 = VERTEX_POINT ( 'NONE', #3192 ) ;
#1441 = DIRECTION ( 'NONE',  ( 1.000000000000000000, -0.0000000000000000000, 0.0000000000000000000 ) ) ;
#1442 = PLANE ( 'NONE',  #317 ) ;
#1443 = EDGE_LOOP ( 'NONE', ( #905, #1961, #2671, #1515 ) ) ;
#1444 = DIRECTION ( 'NONE',  ( 1.000000000000000000, 0.0000000000000000000, 0.0000000000000000000 ) ) ;
#1445 = EDGE_CURVE ( 'NONE', #1256, #1408, #2948, .T. ) ;
#1446 = ORIENTED_EDGE ( 'NONE', *, *, #315, .F. ) ;
#1447 = CARTESIAN_POINT ( 'NONE',  ( 1.396999999999999800, 1.301750000000000900, 3.175000000000000300 ) ) ;
#1448 = LINE ( 'NONE', #99, #334 ) ;
#1449 = PRESENTATION_LAYER_ASSIGNMENT (  '', '', ( #250 ) ) ;
#1450 = VERTEX_POINT ( 'NONE', #1667 ) ;
#1451 = DIRECTION ( 'NONE',  ( 0.0000000000000000000, 1.000000000000000000, 4.011401557374117600E-016 ) ) ;
#1452 = VERTEX_POINT ( 'NONE', #1416 ) ;
#1453 = DIRECTION ( 'NONE',  ( 1.552186360036513800E-015, 1.000000000000000000, 0.0000000000000000000 ) ) ;
#1454 = ORIENTED_EDGE ( 'NONE', *, *, #2088, .F. ) ;
#1455 = DIRECTION ( 'NONE',  ( 0.09053277165464507200, 0.1601807346101254100, -0.9829272351076088200 ) ) ;
#1456 = VERTEX_POINT ( 'NONE', #2668 ) ;
#1457 = CARTESIAN_POINT ( 'NONE',  ( 3.003549999999999300, -4.247585486723684400, -0.2970201115440862500 ) ) ;
#1458 = ORIENTED_EDGE ( 'NONE', *, *, #2000, .T. ) ;
#1459 = CARTESIAN_POINT ( 'NONE',  ( 6.407149999999999700, -2.198526388573793300E-016, 1.016000000000059100 ) ) ;
#1460 = CARTESIAN_POINT ( 'NONE',  ( 5.454649999999999100, -1.002079768494316800, 1.016000000000058900 ) ) ;
#1461 = EDGE_CURVE ( 'NONE', #2339, #2324, #323, .T. ) ;
#1462 = EDGE_CURVE ( 'NONE', #1959, #2924, #2277, .T. ) ;
#1463 = VECTOR ( 'NONE', #2556, 1000.000000000000100 ) ;
#1464 = UNCERTAINTY_MEASURE_WITH_UNIT (LENGTH_MEASURE( 1.000000000000000100E-005 ), #1929, 'distance_accuracy_value', 'NONE');
#1465 = ORIENTED_EDGE ( 'NONE', *, *, #951, .T. ) ;
#1466 = DIRECTION ( 'NONE',  ( 1.000000000000000000, -0.0000000000000000000, 0.0000000000000000000 ) ) ;
#1467 = FACE_OUTER_BOUND ( 'NONE', #178, .T. ) ;
#1468 = EDGE_CURVE ( 'NONE', #1939, #1440, #2792, .T. ) ;
#1469 = CARTESIAN_POINT ( 'NONE',  ( 3.752850000000000000, -2.637667247737075300, -0.4883701806747005600 ) ) ;
#1470 = CARTESIAN_POINT ( 'NONE',  ( 8.858250000000000000, -2.084085915805831100, 0.1457334839086657200 ) ) ;
#1471 = CARTESIAN_POINT ( 'NONE',  ( 6.407149999999999700, 0.07904078947368625700, 1.562100000000059300 ) ) ;
#1472 = VECTOR ( 'NONE', #907, 1000.000000000000000 ) ;
#1473 = VERTEX_POINT ( 'NONE', #2927 ) ;
#1474 = CYLINDRICAL_SURFACE ( 'NONE', #206, 1.054100000000000000 ) ;
#1475 = DIRECTION ( 'NONE',  ( 1.000000000000000000, 1.552186360036513800E-015, -0.0000000000000000000 ) ) ;
#1476 = ORIENTED_EDGE ( 'NONE', *, *, #1712, .F. ) ;
#1477 = PLANE ( 'NONE',  #263 ) ;
#1478 = ORIENTED_EDGE ( 'NONE', *, *, #668, .F. ) ;
#1479 = CARTESIAN_POINT ( 'NONE',  ( 7.632699999999987400, -1.184737283025067600E-014, 0.0000000000000000000 ) ) ;
#1480 = CARTESIAN_POINT ( 'NONE',  ( 0.0000000000000000000, 3.860799999999998500, 0.0000000000000000000 ) ) ;
#1481 = ORIENTED_EDGE ( 'NONE', *, *, #665, .F. ) ;
#1482 = LINE ( 'NONE', #1260, #1411 ) ;
#1483 = CARTESIAN_POINT ( 'NONE',  ( 3.752850000000000000, -1.586134982358195400, -0.5619004796483804100 ) ) ;
#1484 = ORIENTED_EDGE ( 'NONE', *, *, #2590, .F. ) ;
#1485 = EDGE_CURVE ( 'NONE', #2995, #804, #1513, .T. ) ;
#1486 = LINE ( 'NONE', #606, #2684 ) ;
#1487 = EDGE_LOOP ( 'NONE', ( #459, #2414, #974, #1125 ) ) ;
#1488 = AXIS2_PLACEMENT_3D ( 'NONE', #1706, #2782, #2745 ) ;
#1489 = CARTESIAN_POINT ( 'NONE',  ( 1.301749999999999500, -2.637667247737076200, -0.4883701806747018900 ) ) ;
#1490 = ORIENTED_EDGE ( 'NONE', *, *, #1224, .T. ) ;
#1491 = DIRECTION ( 'NONE',  ( 0.0000000000000000000, 0.0000000000000000000, 1.000000000000000000 ) ) ;
#1492 = EDGE_LOOP ( 'NONE', ( #2608, #2929, #2946, #1835, #1855, #2139, #893, #1900, #2294, #1252, #2039, #1406, #283, #2685 ) ) ;
#1493 = ADVANCED_FACE ( 'NONE', ( #1792 ), #1403, .F. ) ;
#1494 = DIRECTION ( 'NONE',  ( 0.0000000000000000000, 0.0000000000000000000, -1.000000000000000000 ) ) ;
#1495 = ORIENTED_EDGE ( 'NONE', *, *, #600, .F. ) ;
#1496 = ORIENTED_EDGE ( 'NONE', *, *, #2935, .F. ) ;
#1497 = EDGE_LOOP ( 'NONE', ( #465, #2832, #2772, #1243 ) ) ;
#1498 = DIRECTION ( 'NONE',  ( 0.0000000000000000000, -1.000000000000000000, 0.0000000000000000000 ) ) ;
#1499 = DIRECTION ( 'NONE',  ( -0.0000000000000000000, 0.0000000000000000000, 1.000000000000000000 ) ) ;
#1500 = VECTOR ( 'NONE', #1056, 1000.000000000000000 ) ;
#1501 = SURFACE_SIDE_STYLE ('',( #1310 ) ) ;
#1502 = EDGE_CURVE ( 'NONE', #3242, #2041, #2040, .T. ) ;
#1503 = EDGE_CURVE ( 'NONE', #1171, #884, #3069, .T. ) ;
#1504 = CARTESIAN_POINT ( 'NONE',  ( 8.108950000000000100, -1.508842306026307200, 0.5434362886620723900 ) ) ;
#1505 = FACE_OUTER_BOUND ( 'NONE', #128, .T. ) ;
#1506 = FACE_OUTER_BOUND ( 'NONE', #2292, .T. ) ;
#1507 = EDGE_CURVE ( 'NONE', #2437, #174, #2749, .T. ) ;
#1508 = DIRECTION ( 'NONE',  ( 0.0000000000000000000, -0.9975640502598246400, -0.06975647374411905700 ) ) ;
#1509 = LINE ( 'NONE', #2558, #2831 ) ;
#1510 = DIRECTION ( 'NONE',  ( 1.000000000000000000, 0.0000000000000000000, 0.0000000000000000000 ) ) ;
#1511 = VECTOR ( 'NONE', #5, 1000.000000000000000 ) ;
#1512 = DIRECTION ( 'NONE',  ( 0.0000000000000000000, -1.000000000000000000, -0.0000000000000000000 ) ) ;
#1513 = LINE ( 'NONE', #2678, #2462 ) ;
#1514 = ADVANCED_FACE ( 'NONE', ( #848 ), #1724, .F. ) ;
#1515 = ORIENTED_EDGE ( 'NONE', *, *, #3087, .T. ) ;
#1516 = CARTESIAN_POINT ( 'NONE',  ( 7.156449999999999500, -1.002079768494317000, 1.016000000000058900 ) ) ;
#1517 = ORIENTED_EDGE ( 'NONE', *, *, #3175, .T. ) ;
#1518 = CARTESIAN_POINT ( 'NONE',  ( 0.0000000000000000000, 8.458199999999996200, 0.0000000000000000000 ) ) ;
#1519 = FACE_OUTER_BOUND ( 'NONE', #1041, .T. ) ;
#1520 = ORIENTED_EDGE ( 'NONE', *, *, #2095, .F. ) ;
#1521 = EDGE_CURVE ( 'NONE', #1566, #254, #2084, .T. ) ;
#1522 = VECTOR ( 'NONE', #1877, 1000.000000000000000 ) ;
#1523 = DIRECTION ( 'NONE',  ( -0.0000000000000000000, 0.9975640502598246400, 0.06975647374411947400 ) ) ;
#1524 = VERTEX_POINT ( 'NONE', #1988 ) ;
#1525 = PLANE ( 'NONE',  #1255 ) ;
#1526 = ADVANCED_FACE ( 'NONE', ( #1037 ), #2727, .F. ) ;
#1527 = EDGE_CURVE ( 'NONE', #1939, #2512, #3269, .T. ) ;
#1528 = DIRECTION ( 'NONE',  ( 0.0000000000000000000, 0.1432442247327341300, 0.9896873708806825900 ) ) ;
#1529 = AXIS2_PLACEMENT_3D ( 'NONE', #2001, #1475, #2996 ) ;
#1530 = ORIENTED_EDGE ( 'NONE', *, *, #1124, .T. ) ;
#1531 = DIRECTION ( 'NONE',  ( 0.0000000000000000000, -1.000000000000000000, 0.0000000000000000000 ) ) ;
#1532 = ORIENTED_EDGE ( 'NONE', *, *, #2527, .F. ) ;
#1533 = ADVANCED_FACE ( 'NONE', ( #2311 ), #995, .F. ) ;
#1534 = AXIS2_PLACEMENT_3D ( 'NONE', #1096, #2388, #2903 ) ;
#1535 = DIRECTION ( 'NONE',  ( 0.0000000000000000000, 0.0000000000000000000, 1.000000000000000000 ) ) ;
#1536 = ORIENTED_EDGE ( 'NONE', *, *, #3278, .F. ) ;
#1537 = ORIENTED_EDGE ( 'NONE', *, *, #2992, .F. ) ;
#1538 = DIRECTION ( 'NONE',  ( 0.0000000000000000000, 4.011401557374117600E-016, -1.000000000000000000 ) ) ;
#1539 = EDGE_LOOP ( 'NONE', ( #133, #1101, #1609, #2529, #933, #2880, #2571, #503, #2047, #507, #1754, #2141 ) ) ;
#1540 = CARTESIAN_POINT ( 'NONE',  ( 8.858250000000000000, -1.002079768494317000, 1.016000000000058900 ) ) ;
#1541 = VECTOR ( 'NONE', #1382, 1000.000000000000000 ) ;
#1542 = ORIENTED_EDGE ( 'NONE', *, *, #150, .T. ) ;
#1543 = CARTESIAN_POINT ( 'NONE',  ( 1.968500000000000600, 3.860799999999998500, 0.0000000000000000000 ) ) ;
#1544 = ADVANCED_FACE ( 'NONE', ( #1437 ), #1474, .T. ) ;
#1545 = LINE ( 'NONE', #219, #2659 ) ;
#1546 = DIRECTION ( 'NONE',  ( 1.000000000000000000, 0.0000000000000000000, 0.0000000000000000000 ) ) ;
#1547 = DIRECTION ( 'NONE',  ( 0.0000000000000000000, 1.000000000000000000, 0.0000000000000000000 ) ) ;
#1548 = VECTOR ( 'NONE', #917, 1000.000000000000000 ) ;
#1549 = SURFACE_STYLE_USAGE ( .BOTH. , #278 ) ;
#1550 = EDGE_CURVE ( 'NONE', #174, #1456, #1558, .T. ) ;
#1551 = COLOUR_RGB ( '',0.7921568627450980000, 0.8196078431372548800, 0.9333333333333333500 ) ;
#1552 = AXIS2_PLACEMENT_3D ( 'NONE', #1161, #2944, #374 ) ;
#1553 = DIRECTION ( 'NONE',  ( 1.000000000000000000, -0.0000000000000000000, 0.0000000000000000000 ) ) ;
#1554 = VECTOR ( 'NONE', #1899, 1000.000000000000100 ) ;
#1555 = DIRECTION ( 'NONE',  ( 0.09077904039057835300, 0.1426527777566243500, 0.9856010099548826500 ) ) ;
#1556 = VECTOR ( 'NONE', #2562, 1000.000000000000000 ) ;
#1557 = AXIS2_PLACEMENT_3D ( 'NONE', #1721, #1491, #1193 ) ;
#1558 = LINE ( 'NONE', #3258, #2744 ) ;
#1559 = DIRECTION ( 'NONE',  ( 0.0000000000000000000, 1.707404996040165200E-015, 1.000000000000000000 ) ) ;
#1560 = CARTESIAN_POINT ( 'NONE',  ( 7.156449999999999500, -6.266210372774345600E-016, 1.562100000000059300 ) ) ;
#1561 = VERTEX_POINT ( 'NONE', #2983 ) ;
#1562 = DIRECTION ( 'NONE',  ( 1.000000000000000000, 0.0000000000000000000, 0.0000000000000000000 ) ) ;
#1563 = ORIENTED_EDGE ( 'NONE', *, *, #447, .T. ) ;
#1564 = FILL_AREA_STYLE_COLOUR ( '', #1551 ) ;
#1565 = LINE ( 'NONE', #624, #2676 ) ;
#1566 = VERTEX_POINT ( 'NONE', #2256 ) ;
#1567 = CARTESIAN_POINT ( 'NONE',  ( 4.705349999999999300, -1.002079768494315900, 1.562100000000058900 ) ) ;
#1568 = CYLINDRICAL_SURFACE ( 'NONE', #1601, 0.5715000000000003400 ) ;
#1569 = ORIENTED_EDGE ( 'NONE', *, *, #2543, .T. ) ;
#1570 = ADVANCED_FACE ( 'NONE', ( #2982 ), #1215, .F. ) ;
#1571 = ORIENTED_EDGE ( 'NONE', *, *, #1123, .F. ) ;
#1572 = EDGE_CURVE ( 'NONE', #1450, #3155, #164, .T. ) ;
#1573 = EDGE_CURVE ( 'NONE', #3136, #1452, #2196, .T. ) ;
#1574 = CARTESIAN_POINT ( 'NONE',  ( 0.4445000000000000100, 0.0000000000000000000, 3.429000000000000300 ) ) ;
#1575 = CARTESIAN_POINT ( 'NONE',  ( 1.968500000000000600, 0.0000000000000000000, 0.0000000000000000000 ) ) ;
#1576 = ORIENTED_EDGE ( 'NONE', *, *, #665, .T. ) ;
#1577 = EDGE_CURVE ( 'NONE', #804, #2018, #1155, .T. ) ;
#1578 = DIRECTION ( 'NONE',  ( 0.0000000000000000000, 0.0000000000000000000, -1.000000000000000000 ) ) ;
#1579 = EDGE_LOOP ( 'NONE', ( #2297, #1955, #536, #67 ) ) ;
#1580 = DIRECTION ( 'NONE',  ( 0.0000000000000000000, 0.0000000000000000000, 1.000000000000000000 ) ) ;
#1581 = DIRECTION ( 'NONE',  ( 0.0000000000000000000, 0.1432442247327341300, 0.9896873708806825900 ) ) ;
#1582 = ORIENTED_EDGE ( 'NONE', *, *, #1807, .T. ) ;
#1583 = CARTESIAN_POINT ( 'NONE',  ( 5.454649999999999100, -4.191000000000004300, -1.106230272153112800 ) ) ;
#1584 = EDGE_LOOP ( 'NONE', ( #1199, #1177, #1719, #3296, #1098, #2244, #96, #258, #808, #1879, #2802, #2774 ) ) ;
#1585 = DIRECTION ( 'NONE',  ( -0.0000000000000000000, -1.000000000000000000, -0.0000000000000000000 ) ) ;
#1586 = ADVANCED_FACE ( 'NONE', ( #2080 ), #3295, .F. ) ;
#1587 =( LENGTH_UNIT ( ) NAMED_UNIT ( * ) SI_UNIT ( .MILLI., .METRE. ) );
#1588 = FACE_OUTER_BOUND ( 'NONE', #2936, .T. ) ;
#1589 = VECTOR ( 'NONE', #2416, 1000.000000000000000 ) ;
#1590 = EDGE_CURVE ( 'NONE', #286, #3142, #919, .T. ) ;
#1591 = VECTOR ( 'NONE', #969, 1000.000000000000000 ) ;
#1592 = FACE_OUTER_BOUND ( 'NONE', #1166, .T. ) ;
#1593 = CARTESIAN_POINT ( 'NONE',  ( 0.0000000000000000000, 9.016999999999999500, -7.242470512203169600E-014 ) ) ;
#1594 = DIRECTION ( 'NONE',  ( 0.0000000000000000000, -1.000000000000000000, -2.163903925761482300E-016 ) ) ;
#1595 = LINE ( 'NONE', #1540, #994 ) ;
#1596 = EDGE_CURVE ( 'NONE', #2806, #1053, #1634, .T. ) ;
#1597 = AXIS2_PLACEMENT_3D ( 'NONE', #363, #2655, #2391 ) ;
#1598 = ORIENTED_EDGE ( 'NONE', *, *, #1425, .T. ) ;
#1599 = CARTESIAN_POINT ( 'NONE',  ( 3.003549999999999700, -1.002079768494316300, 0.5080000000000586300 ) ) ;
#1600 = ORIENTED_EDGE ( 'NONE', *, *, #889, .T. ) ;
#1601 = AXIS2_PLACEMENT_3D ( 'NONE', #707, #956, #3025 ) ;
#1602 = ADVANCED_FACE ( 'NONE', ( #766 ), #2532, .T. ) ;
#1603 = ORIENTED_EDGE ( 'NONE', *, *, #2273, .F. ) ;
#1604 = LINE ( 'NONE', #733, #414 ) ;
#1605 = ORIENTED_EDGE ( 'NONE', *, *, #224, .T. ) ;
#1606 = LINE ( 'NONE', #584, #60 ) ;
#1607 = DIRECTION ( 'NONE',  ( 0.0000000000000000000, -1.000000000000000000, 0.0000000000000000000 ) ) ;
#1608 = CARTESIAN_POINT ( 'NONE',  ( 0.0000000000000000000, 0.0000000000000000000, -1.397000000000000000 ) ) ;
#1609 = ORIENTED_EDGE ( 'NONE', *, *, #2758, .T. ) ;
#1610 = ORIENTED_EDGE ( 'NONE', *, *, #2042, .T. ) ;
#1611 = DIRECTION ( 'NONE',  ( 1.000000000000000000, 0.0000000000000000000, -0.0000000000000000000 ) ) ;
#1612 = DIRECTION ( 'NONE',  ( 1.000000000000000000, 0.0000000000000000000, 0.0000000000000000000 ) ) ;
#1613 = EDGE_CURVE ( 'NONE', #115, #1759, #1317, .T. ) ;
#1614 = ORIENTED_EDGE ( 'NONE', *, *, #750, .T. ) ;
#1615 = ORIENTED_EDGE ( 'NONE', *, *, #1976, .T. ) ;
#1616 = DIRECTION ( 'NONE',  ( -1.000000000000000000, -0.0000000000000000000, 0.0000000000000000000 ) ) ;
#1617 = CARTESIAN_POINT ( 'NONE',  ( 1.968500000000000600, 0.0000000000000000000, -1.397000000000000000 ) ) ;
#1618 = AXIS2_PLACEMENT_3D ( 'NONE', #3199, #2203, #1898 ) ;
#1619 = ORIENTED_EDGE ( 'NONE', *, *, #1362, .T. ) ;
#1620 = PLANE ( 'NONE',  #2218 ) ;
#1621 = FACE_OUTER_BOUND ( 'NONE', #1579, .T. ) ;
#1622 = ORIENTED_EDGE ( 'NONE', *, *, #1577, .T. ) ;
#1623 = COLOUR_RGB ( '',0.2509803921568627400, 0.2509803921568627400, 0.2509803921568627400 ) ;
#1624 = LINE ( 'NONE', #1963, #2149 ) ;
#1625 = PRESENTATION_STYLE_ASSIGNMENT (( #1431 ) ) ;
#1626 = CARTESIAN_POINT ( 'NONE',  ( 8.108950000000000100, -2.637667247737075300, -0.4883701806747005600 ) ) ;
#1627 = CARTESIAN_POINT ( 'NONE',  ( 8.858250000000000000, -4.152905989688340700, -1.651000000000002700 ) ) ;
#1628 = VECTOR ( 'NONE', #953, 1000.000000000000000 ) ;
#1629 = PLANE ( 'NONE',  #1552 ) ;
#1630 = PRODUCT_DEFINITION_SHAPE ( 'NONE', 'NONE',  #3115 ) ;
#1631 = VERTEX_POINT ( 'NONE', #3052 ) ;
#1632 = EDGE_CURVE ( 'NONE', #119, #2099, #88, .T. ) ;
#1633 = DIRECTION ( 'NONE',  ( 1.000000000000000000, 0.0000000000000000000, 0.0000000000000000000 ) ) ;
#1634 = CIRCLE ( 'NONE', #729, 0.5080000000000001200 ) ;
#1635 = ORIENTED_EDGE ( 'NONE', *, *, #2656, .F. ) ;
#1636 = EDGE_CURVE ( 'NONE', #2339, #1055, #3109, .T. ) ;
#1637 = ORIENTED_EDGE ( 'NONE', *, *, #404, .T. ) ;
#1638 = DIRECTION ( 'NONE',  ( 0.0000000000000000000, -8.537024980200819800E-016, 1.000000000000000000 ) ) ;
#1639 = PLANE ( 'NONE',  #934 ) ;
#1640 = EDGE_LOOP ( 'NONE', ( #2316, #903, #2238, #1711, #3204, #1849, #2168, #3163, #1458, #1261, #3004, #2108 ) ) ;
#1641 = CARTESIAN_POINT ( 'NONE',  ( 10.16000000000000000, 0.0000000000000000000, -1.397000000000000000 ) ) ;
#1642 = DIRECTION ( 'NONE',  ( 0.0000000000000000000, 0.9975640502598246400, 0.06975647374411955700 ) ) ;
#1643 = ORIENTED_EDGE ( 'NONE', *, *, #990, .F. ) ;
#1644 = CARTESIAN_POINT ( 'NONE',  ( 3.752850000000000000, -2.637667247737076200, -0.4883701806747018900 ) ) ;
#1645 = CLOSED_SHELL ( 'NONE', ( #1751, #1280, #512, #1026, #3140, #575, #2335, #482, #2093, #3305, #1817, #35, #297, #1337 ) ) ;
#1646 = CARTESIAN_POINT ( 'NONE',  ( 7.156449999999999500, 0.07904078947368624300, 1.562100000000059300 ) ) ;
#1647 = DIRECTION ( 'NONE',  ( 0.0000000000000000000, 0.0000000000000000000, 1.000000000000000000 ) ) ;
#1648 = VERTEX_POINT ( 'NONE', #3067 ) ;
#1649 = CARTESIAN_POINT ( 'NONE',  ( 4.705349999999999300, -1.539316187958941700, 0.1076394735970000900 ) ) ;
#1650 = DIRECTION ( 'NONE',  ( 0.0000000000000000000, -1.000000000000000000, -2.163903925761482300E-016 ) ) ;
#1651 = VERTEX_POINT ( 'NONE', #45 ) ;
#1652 = EDGE_CURVE ( 'NONE', #172, #690, #361, .T. ) ;
#1653 = ORIENTED_EDGE ( 'NONE', *, *, #828, .T. ) ;
#1654 = LINE ( 'NONE', #2445, #1346 ) ;
#1655 = ORIENTED_EDGE ( 'NONE', *, *, #931, .F. ) ;
#1656 =( NAMED_UNIT ( * ) SI_UNIT ( $, .STERADIAN. ) SOLID_ANGLE_UNIT ( ) );
#1657 = AXIS2_PLACEMENT_3D ( 'NONE', #1220, #1498, #1728 ) ;
#1658 = FACE_OUTER_BOUND ( 'NONE', #2187, .T. ) ;
#1659 = DIRECTION ( 'NONE',  ( 1.000000000000000000, -0.0000000000000000000, 0.0000000000000000000 ) ) ;
#1660 = VECTOR ( 'NONE', #651, 1000.000000000000000 ) ;
#1661 = DIRECTION ( 'NONE',  ( 0.0000000000000000000, 0.06975647374411955700, -0.9975640502598246400 ) ) ;
#1662 = LINE ( 'NONE', #1910, #605 ) ;
#1663 = CIRCLE ( 'NONE', #1894, 1.054100000000000000 ) ;
#1664 = DIRECTION ( 'NONE',  ( 1.000000000000000000, 0.0000000000000000000, 0.0000000000000000000 ) ) ;
#1665 = VECTOR ( 'NONE', #961, 1000.000000000000000 ) ;
#1666 = EDGE_LOOP ( 'NONE', ( #2290, #2103, #2250, #930 ) ) ;
#1667 = CARTESIAN_POINT ( 'NONE',  ( 3.003549999999999300, 1.355252715606882100E-017, 1.016000000000059300 ) ) ;
#1668 = EDGE_CURVE ( 'NONE', #119, #115, #238, .T. ) ;
#1669 = EDGE_CURVE ( 'NONE', #2542, #65, #845, .T. ) ;
#1670 = ORIENTED_EDGE ( 'NONE', *, *, #770, .F. ) ;
#1671 = CARTESIAN_POINT ( 'NONE',  ( 8.858250000000000000, -2.637667247737076200, -0.4883701806747018900 ) ) ;
#1672 = FILL_AREA_STYLE ('',( #3208 ) ) ;
#1673 = EDGE_LOOP ( 'NONE', ( #693, #295, #2710, #897 ) ) ;
#1674 = EDGE_CURVE ( 'NONE', #2806, #144, #1595, .T. ) ;
#1675 = AXIS2_PLACEMENT_3D ( 'NONE', #1097, #1120, #1413 ) ;
#1676 = VECTOR ( 'NONE', #3047, 1000.000000000000100 ) ;
#1677 = FILL_AREA_STYLE_COLOUR ( '', #314 ) ;
#1678 = ORIENTED_EDGE ( 'NONE', *, *, #895, .F. ) ;
#1679 = CARTESIAN_POINT ( 'NONE',  ( 0.2222500000000128500, 4.230436964752251800E-015, 1.016000000000059700 ) ) ;
#1680 = FACE_OUTER_BOUND ( 'NONE', #3273, .T. ) ;
#1681 = AXIS2_PLACEMENT_3D ( 'NONE', #2680, #1661, #1642 ) ;
#1682 = VERTEX_POINT ( 'NONE', #2038 ) ;
#1683 = VERTEX_POINT ( 'NONE', #1567 ) ;
#1684 = CARTESIAN_POINT ( 'NONE',  ( 0.0000000000000000000, 3.860799999999998500, -1.397000000000000000 ) ) ;
#1685 = ORIENTED_EDGE ( 'NONE', *, *, #2089, .F. ) ;
#1686 =( LENGTH_UNIT ( ) NAMED_UNIT ( * ) SI_UNIT ( .MILLI., .METRE. ) );
#1687 = CARTESIAN_POINT ( 'NONE',  ( 1.301749999999999500, -2.053612033873196500, 0.5815302989737373100 ) ) ;
#1688 = EDGE_CURVE ( 'NONE', #2395, #756, #403, .T. ) ;
#1689 = EDGE_CURVE ( 'NONE', #1055, #2731, #1752, .T. ) ;
#1690 = CARTESIAN_POINT ( 'NONE',  ( 8.191500000000001300, 3.860799999999998500, -1.397000000000000000 ) ) ;
#1691 = ORIENTED_EDGE ( 'NONE', *, *, #1291, .T. ) ;
#1692 = ORIENTED_EDGE ( 'NONE', *, *, #745, .F. ) ;
#1693 = EDGE_CURVE ( 'NONE', #344, #590, #805, .T. ) ;
#1694 = DIRECTION ( 'NONE',  ( 1.000000000000000000, 0.0000000000000000000, 0.0000000000000000000 ) ) ;
#1695 = VECTOR ( 'NONE', #2768, 1000.000000000000000 ) ;
#1696 = ORIENTED_EDGE ( 'NONE', *, *, #224, .F. ) ;
#1697 = CARTESIAN_POINT ( 'NONE',  ( 3.752850000000000000, -1.002079768494316300, 0.5080000000000586300 ) ) ;
#1698 = LINE ( 'NONE', #906, #1743 ) ;
#1699 = VECTOR ( 'NONE', #237, 1000.000000000000000 ) ;
#1700 = DIRECTION ( 'NONE',  ( 1.000000000000000000, -0.0000000000000000000, 0.0000000000000000000 ) ) ;
#1701 = UNCERTAINTY_MEASURE_WITH_UNIT (LENGTH_MEASURE( 1.000000000000000100E-005 ), #3120, 'distance_accuracy_value', 'NONE');
#1702 = LINE ( 'NONE', #1213, #949 ) ;
#1703 = LINE ( 'NONE', #3092, #162 ) ;
#1704 = ORIENTED_EDGE ( 'NONE', *, *, #790, .T. ) ;
#1705 = CYLINDRICAL_SURFACE ( 'NONE', #3045, 0.5079999999999997900 ) ;
#1706 = CARTESIAN_POINT ( 'NONE',  ( 7.156449999999999500, -4.247585486723684400, -0.2970201115440862500 ) ) ;
#1707 = CARTESIAN_POINT ( 'NONE',  ( 3.752850000000000000, -4.191000000000002500, -1.106230272153112500 ) ) ;
#1708 = EDGE_LOOP ( 'NONE', ( #2713, #1655, #849, #2847 ) ) ;
#1709 = DIRECTION ( 'NONE',  ( 0.0000000000000000000, 0.0000000000000000000, 1.000000000000000000 ) ) ;
#1710 = CARTESIAN_POINT ( 'NONE',  ( 1.371599999999999900, 10.71879999999999800, 0.0000000000000000000 ) ) ;
#1711 = ORIENTED_EDGE ( 'NONE', *, *, #2935, .T. ) ;
#1712 = EDGE_CURVE ( 'NONE', #3039, #2766, #955, .T. ) ;
#1713 = DIRECTION ( 'NONE',  ( 1.000000000000000000, -0.0000000000000000000, 0.0000000000000000000 ) ) ;
#1714 = LINE ( 'NONE', #1328, #3158 ) ;
#1715 = EDGE_LOOP ( 'NONE', ( #109, #2087, #2965, #1266 ) ) ;
#1716 = DIRECTION ( 'NONE',  ( 0.8602915336341739900, 0.5098023903017331300, 0.0000000000000000000 ) ) ;
#1717 = CIRCLE ( 'NONE', #173, 1.054100000000000000 ) ;
#1718 = AXIS2_PLACEMENT_3D ( 'NONE', #1983, #2977, #2756 ) ;
#1719 = ORIENTED_EDGE ( 'NONE', *, *, #1461, .T. ) ;
#1720 = PLANE ( 'NONE',  #1488 ) ;
#1721 = CARTESIAN_POINT ( 'NONE',  ( 1.396999999999999800, 1.301750000000000900, 3.175000000000000300 ) ) ;
#1722 = CARTESIAN_POINT ( 'NONE',  ( 6.407149999999998800, 0.05658548672368050900, -0.8092101606090257300 ) ) ;
#1723 = EDGE_LOOP ( 'NONE', ( #2851, #1615, #1092, #981 ) ) ;
#1724 = PLANE ( 'NONE',  #1020 ) ;
#1725 = ORIENTED_EDGE ( 'NONE', *, *, #447, .F. ) ;
#1726 = DIRECTION ( 'NONE',  ( -1.000000000000000000, 0.0000000000000000000, -0.0000000000000000000 ) ) ;
#1727 = ORIENTED_EDGE ( 'NONE', *, *, #2095, .T. ) ;
#1728 = DIRECTION ( 'NONE',  ( 0.0000000000000000000, -0.0000000000000000000, -1.000000000000000000 ) ) ;
#1729 = DIRECTION ( 'NONE',  ( -0.0000000000000000000, -1.000000000000000000, -0.0000000000000000000 ) ) ;
#1730 = ORIENTED_EDGE ( 'NONE', *, *, #2789, .T. ) ;
#1731 = CARTESIAN_POINT ( 'NONE',  ( 4.084304982759759300E-015, 9.016999999999999500, -1.397000000000000200 ) ) ;
#1732 = EDGE_CURVE ( 'NONE', #1160, #1808, #1509, .T. ) ;
#1733 = EDGE_CURVE ( 'NONE', #1055, #1975, #1918, .T. ) ;
#1734 = FACE_OUTER_BOUND ( 'NONE', #1715, .T. ) ;
#1735 = ORIENTED_EDGE ( 'NONE', *, *, #2614, .T. ) ;
#1736 = DIRECTION ( 'NONE',  ( 0.0000000000000000000, 0.9975640502598245300, -0.06975647374412179100 ) ) ;
#1737 = DIRECTION ( 'NONE',  ( 1.000000000000000000, 0.0000000000000000000, 0.0000000000000000000 ) ) ;
#1738 = VECTOR ( 'NONE', #1241, 1000.000000000000000 ) ;
#1739 = EDGE_CURVE ( 'NONE', #1004, #612, #2914, .T. ) ;
#1740 = AXIS2_PLACEMENT_3D ( 'NONE', #340, #2102, #2332 ) ;
#1741 = CARTESIAN_POINT ( 'NONE',  ( 2.051049999999999200, -2.084085915805831100, 0.1457334839086657200 ) ) ;
#1742 = ADVANCED_FACE ( 'NONE', ( #1234 ), #1705, .F. ) ;
#1743 = VECTOR ( 'NONE', #1451, 1000.000000000000000 ) ;
#1744 = VECTOR ( 'NONE', #2124, 1000.000000000000000 ) ;
#1745 = CARTESIAN_POINT ( 'NONE',  ( 0.0000000000000000000, 9.016999999999999500, 0.0000000000000000000 ) ) ;
#1746 = CARTESIAN_POINT ( 'NONE',  ( 5.454649999999999100, -2.084085915805831100, 0.1457334839086657200 ) ) ;
#1747 = CARTESIAN_POINT ( 'NONE',  ( 1.301749999999999100, 0.05658548672368050900, -0.8092101606090257300 ) ) ;
#1748 = LINE ( 'NONE', #2913, #686 ) ;
#1749 = LINE ( 'NONE', #271, #1191 ) ;
#1750 = DIRECTION ( 'NONE',  ( 0.0000000000000000000, 1.707404996040165200E-015, 1.000000000000000000 ) ) ;
#1751 = ADVANCED_FACE ( 'NONE', ( #649 ), #328, .T. ) ;
#1752 = CIRCLE ( 'NONE', #1410, 1.054100000000000000 ) ;
#1753 = DIRECTION ( 'NONE',  ( 0.0000000000000000000, 0.06975647374411470000, -0.9975640502598249700 ) ) ;
#1754 = ORIENTED_EDGE ( 'NONE', *, *, #2763, .T. ) ;
#1755 = ORIENTED_EDGE ( 'NONE', *, *, #2194, .T. ) ;
#1756 = CARTESIAN_POINT ( 'NONE',  ( 5.454649999999999100, 0.0000000000000000000, 1.016000000000059300 ) ) ;
#1757 = EDGE_CURVE ( 'NONE', #616, #2508, #279, .T. ) ;
#1758 = DIRECTION ( 'NONE',  ( -1.000000000000000000, -0.0000000000000000000, -0.0000000000000000000 ) ) ;
#1759 = VERTEX_POINT ( 'NONE', #1334 ) ;
#1760 = LINE ( 'NONE', #3073, #1676 ) ;
#1761 = CARTESIAN_POINT ( 'NONE',  ( 6.407149999999999700, -1.002079768494315900, 1.562100000000058900 ) ) ;
#1762 = ORIENTED_EDGE ( 'NONE', *, *, #2701, .T. ) ;
#1763 = EDGE_CURVE ( 'NONE', #2508, #704, #3189, .T. ) ;
#1764 = DIRECTION ( 'NONE',  ( 1.000000000000000000, 0.0000000000000000000, 0.0000000000000000000 ) ) ;
#1765 = AXIS2_PLACEMENT_3D ( 'NONE', #2916, #2119, #2894 ) ;
#1766 = VECTOR ( 'NONE', #601, 1000.000000000000000 ) ;
#1767 = VERTEX_POINT ( 'NONE', #2583 ) ;
#1768 = DIRECTION ( 'NONE',  ( 1.000000000000000000, -0.0000000000000000000, 0.0000000000000000000 ) ) ;
#1769 = ADVANCED_FACE ( 'NONE', ( #2271 ), #571, .T. ) ;
#1770 = AXIS2_PLACEMENT_3D ( 'NONE', #1470, #2493, #2715 ) ;
#1771 = DIRECTION ( 'NONE',  ( 1.000000000000000000, 0.0000000000000000000, 0.0000000000000000000 ) ) ;
#1772 = VERTEX_POINT ( 'NONE', #2845 ) ;
#1773 = ORIENTED_EDGE ( 'NONE', *, *, #2590, .T. ) ;
#1774 = CARTESIAN_POINT ( 'NONE',  ( 7.156449999999999500, -4.191000000000001600, -1.106230272153112300 ) ) ;
#1775 = VERTEX_POINT ( 'NONE', #2128 ) ;
#1776 = PLANE ( 'NONE',  #791 ) ;
#1777 = CLOSED_SHELL ( 'NONE', ( #2037, #2535, #469, #2523, #2106, #531, #3090, #53, #1868, #30, #1742, #2319, #2892, #2557 ) ) ;
#1778 = ADVANCED_FACE ( 'NONE', ( #2426 ), #2160, .F. ) ;
#1779 = CARTESIAN_POINT ( 'NONE',  ( 5.454649999999999100, -4.247585486723684400, -0.2970201115440862500 ) ) ;
#1780 = VECTOR ( 'NONE', #574, 1000.000000000000000 ) ;
#1781 = CARTESIAN_POINT ( 'NONE',  ( 8.858250000000000000, 0.0000000000000000000, 1.016000000000058900 ) ) ;
#1782 = EDGE_LOOP ( 'NONE', ( #228, #1423, #1919, #1844 ) ) ;
#1783 = EDGE_CURVE ( 'NONE', #588, #1561, #2234, .T. ) ;
#1784 = CIRCLE ( 'NONE', #1557, 0.5715000000000003400 ) ;
#1785 = FACE_OUTER_BOUND ( 'NONE', #532, .T. ) ;
#1786 = CARTESIAN_POINT ( 'NONE',  ( 0.0000000000000000000, 3.860799999999998500, -1.397000000000000000 ) ) ;
#1787 = FACE_OUTER_BOUND ( 'NONE', #2279, .T. ) ;
#1788 = LINE ( 'NONE', #679, #685 ) ;
#1789 = DIRECTION ( 'NONE',  ( 1.000000000000000000, -0.0000000000000000000, 0.0000000000000000000 ) ) ;
#1790 = EDGE_LOOP ( 'NONE', ( #455, #2856, #1619, #909 ) ) ;
#1791 = CARTESIAN_POINT ( 'NONE',  ( 5.454649999999999100, -2.602230959075063400, -0.9951327182066919100 ) ) ;
#1792 = FACE_OUTER_BOUND ( 'NONE', #573, .T. ) ;
#1793 = DIRECTION ( 'NONE',  ( 0.0000000000000000000, 1.000000000000000000, 4.011401557374117600E-016 ) ) ;
#1794 = ADVANCED_FACE ( 'NONE', ( #1833 ), #1108, .T. ) ;
#1795 = ORIENTED_EDGE ( 'NONE', *, *, #1018, .F. ) ;
#1796 = DIRECTION ( 'NONE',  ( 0.09171704949125519800, 0.0000000000000000000, 0.9957851087622361400 ) ) ;
#1797 = ORIENTED_EDGE ( 'NONE', *, *, #165, .F. ) ;
#1798 = CARTESIAN_POINT ( 'NONE',  ( 3.752850000000000000, -1.002079768494316300, 0.5080000000000586300 ) ) ;
#1799 = DIRECTION ( 'NONE',  ( 0.0000000000000000000, -0.06975647374412133300, -0.9975640502598245300 ) ) ;
#1800 = ORIENTED_EDGE ( 'NONE', *, *, #2706, .T. ) ;
#1801 = EDGE_CURVE ( 'NONE', #1524, #1648, #725, .T. ) ;
#1802 = LINE ( 'NONE', #2054, #2469 ) ;
#1803 = CARTESIAN_POINT ( 'NONE',  ( 8.858250000000000000, -2.198526388573793300E-016, 1.016000000000059100 ) ) ;
#1804 = PLANE ( 'NONE',  #2296 ) ;
#1805 = VERTEX_POINT ( 'NONE', #1322 ) ;
#1806 = DIRECTION ( 'NONE',  ( 0.0000000000000000000, -0.9975640502598246400, -0.06975647374411905700 ) ) ;
#1807 = EDGE_CURVE ( 'NONE', #1196, #344, #130, .T. ) ;
#1808 = VERTEX_POINT ( 'NONE', #824 ) ;
#1809 = MANIFOLD_SOLID_BREP ( 'Pin 4', #2991 ) ;
#1810 = DIRECTION ( 'NONE',  ( 0.09077904039057793600, -0.1426527777566241900, 0.9856010099548827600 ) ) ;
#1811 = ORIENTED_EDGE ( 'NONE', *, *, #745, .T. ) ;
#1812 = DIRECTION ( 'NONE',  ( 1.000000000000000000, 0.0000000000000000000, 0.0000000000000000000 ) ) ;
#1813 = ADVANCED_FACE ( 'NONE', ( #2740 ), #847, .F. ) ;
#1814 = ORIENTED_EDGE ( 'NONE', *, *, #1, .T. ) ;
#1815 = DIRECTION ( 'NONE',  ( 0.0000000000000000000, -1.000000000000000000, -2.163903925761482300E-016 ) ) ;
#1816 = CARTESIAN_POINT ( 'NONE',  ( 2.527300000000000800, 9.016999999999999500, -5.431852884152377200E-014 ) ) ;
#1817 = ADVANCED_FACE ( 'NONE', ( #3024 ), #1829, .F. ) ;
#1818 = VERTEX_POINT ( 'NONE', #3124 ) ;
#1819 = FACE_OUTER_BOUND ( 'NONE', #1492, .T. ) ;
#1820 = EDGE_LOOP ( 'NONE', ( #105, #141, #2450, #2658 ) ) ;
#1821 = CARTESIAN_POINT ( 'NONE',  ( 3.752850000000000000, -1.539316187958941700, 0.1076394735970000900 ) ) ;
#1822 = DIRECTION ( 'NONE',  ( 0.0000000000000000000, 0.0000000000000000000, 1.000000000000000000 ) ) ;
#1823 = CARTESIAN_POINT ( 'NONE',  ( 8.858250000000000000, -6.266210372774345600E-016, 1.562100000000059300 ) ) ;
#1824 = COLOUR_RGB ( '',0.7921568627450980000, 0.8196078431372548800, 0.9333333333333333500 ) ;
#1825 = VECTOR ( 'NONE', #3191, 1000.000000000000100 ) ;
#1826 = CARTESIAN_POINT ( 'NONE',  ( 8.191500000000001300, 0.0000000000000000000, 0.0000000000000000000 ) ) ;
#1827 = EDGE_CURVE ( 'NONE', #71, #1007, #479, .T. ) ;
#1828 = AXIS2_PLACEMENT_3D ( 'NONE', #1644, #844, #626 ) ;
#1829 = CYLINDRICAL_SURFACE ( 'NONE', #1921, 0.5079999999999997900 ) ;
#1830 = CARTESIAN_POINT ( 'NONE',  ( 2.051049999999999200, 0.0000000000000000000, 0.0000000000000000000 ) ) ;
#1831 = SURFACE_STYLE_FILL_AREA ( #1672 ) ;
#1832 = AXIS2_PLACEMENT_3D ( 'NONE', #1599, #2376, #1638 ) ;
#1833 = FACE_OUTER_BOUND ( 'NONE', #2757, .T. ) ;
#1834 = ADVANCED_FACE ( 'NONE', ( #3226 ), #2607, .F. ) ;
#1835 = ORIENTED_EDGE ( 'NONE', *, *, #1409, .F. ) ;
#1836 = LINE ( 'NONE', #621, #922 ) ;
#1837 = ORIENTED_EDGE ( 'NONE', *, *, #2738, .T. ) ;
#1838 = DIRECTION ( 'NONE',  ( 0.0000000000000000000, -0.9975640502598245300, 0.06975647374412133300 ) ) ;
#1839 = LINE ( 'NONE', #3103, #779 ) ;
#1840 = ORIENTED_EDGE ( 'NONE', *, *, #1893, .F. ) ;
#1841 = VECTOR ( 'NONE', #1248, 1000.000000000000000 ) ;
#1842 = ORIENTED_EDGE ( 'NONE', *, *, #492, .T. ) ;
#1843 = CIRCLE ( 'NONE', #2572, 0.5079999999999997900 ) ;
#1844 = ORIENTED_EDGE ( 'NONE', *, *, #2565, .F. ) ;
#1845 = EDGE_CURVE ( 'NONE', #1236, #51, #3102, .T. ) ;
#1846 = EDGE_CURVE ( 'NONE', #1947, #2933, #1195, .T. ) ;
#1847 = DIRECTION ( 'NONE',  ( -1.552186360036513800E-015, 1.000000000000000000, 0.0000000000000000000 ) ) ;
#1848 = DIRECTION ( 'NONE',  ( 0.0000000000000000000, 0.0000000000000000000, 1.000000000000000000 ) ) ;
#1849 = ORIENTED_EDGE ( 'NONE', *, *, #3020, .F. ) ;
#1850 = ADVANCED_FACE ( 'NONE', ( #2232 ), #1639, .T. ) ;
#1851 = EDGE_CURVE ( 'NONE', #965, #1007, #2422, .T. ) ;
#1852 = DIRECTION ( 'NONE',  ( 0.0000000000000000000, -1.000000000000000000, -2.163903925761482300E-016 ) ) ;
#1853 = DIRECTION ( 'NONE',  ( 0.0000000000000000000, -1.000000000000000000, -0.0000000000000000000 ) ) ;
#1854 = AXIS2_PLACEMENT_3D ( 'NONE', #1389, #3157, #3188 ) ;
#1855 = ORIENTED_EDGE ( 'NONE', *, *, #1291, .F. ) ;
#1856 = ORIENTED_EDGE ( 'NONE', *, *, #146, .F. ) ;
#1857 = CARTESIAN_POINT ( 'NONE',  ( 2.051049999999999200, -1.002079768494316300, 0.5080000000000586300 ) ) ;
#1858 = ORIENTED_EDGE ( 'NONE', *, *, #1957, .F. ) ;
#1859 = DIRECTION ( 'NONE',  ( 0.0000000000000000000, -0.0000000000000000000, -1.000000000000000000 ) ) ;
#1860 = ORIENTED_EDGE ( 'NONE', *, *, #290, .F. ) ;
#1861 = CIRCLE ( 'NONE', #2113, 1.054100000000000000 ) ;
#1862 = ORIENTED_EDGE ( 'NONE', *, *, #1893, .T. ) ;
#1863 = CARTESIAN_POINT ( 'NONE',  ( 6.407149999999999700, -2.053612033873196500, 0.5815302989737373100 ) ) ;
#1864 = CARTESIAN_POINT ( 'NONE',  ( 3.003549999999999700, -2.637667247737076200, -0.4883701806747018900 ) ) ;
#1865 = VECTOR ( 'NONE', #968, 1000.000000000000000 ) ;
#1866 = VECTOR ( 'NONE', #87, 1000.000000000000000 ) ;
#1867 = EDGE_CURVE ( 'NONE', #2595, #1408, #1748, .T. ) ;
#1868 = ADVANCED_FACE ( 'NONE', ( #520 ), #1379, .F. ) ;
#1869 = EDGE_CURVE ( 'NONE', #2694, #709, #1397, .T. ) ;
#1870 = LINE ( 'NONE', #3187, #2973 ) ;
#1871 = DIRECTION ( 'NONE',  ( 1.000000000000000000, 0.0000000000000000000, -0.0000000000000000000 ) ) ;
#1872 = PLANE ( 'NONE',  #3262 ) ;
#1873 = CARTESIAN_POINT ( 'NONE',  ( 7.156449999999999500, -0.1440352721723030200, 0.02084721044599177300 ) ) ;
#1874 = EDGE_CURVE ( 'NONE', #576, #1456, #3266, .T. ) ;
#1875 = AXIS2_PLACEMENT_3D ( 'NONE', #1821, #2312, #1799 ) ;
#1876 = ORIENTED_EDGE ( 'NONE', *, *, #2940, .F. ) ;
#1877 = DIRECTION ( 'NONE',  ( -1.000000000000000000, -0.0000000000000000000, 0.0000000000000000000 ) ) ;
#1878 = DIRECTION ( 'NONE',  ( -0.0000000000000000000, -0.0000000000000000000, 1.000000000000000000 ) ) ;
#1879 = ORIENTED_EDGE ( 'NONE', *, *, #1916, .T. ) ;
#1880 = AXIS2_PLACEMENT_3D ( 'NONE', #3093, #1612, #3117 ) ;
#1881 = CARTESIAN_POINT ( 'NONE',  ( 5.454649999999999100, 0.05658548672368050900, -0.8092101606090257300 ) ) ;
#1882 = EDGE_LOOP ( 'NONE', ( #1727, #1840, #1211, #2872 ) ) ;
#1883 = DIRECTION ( 'NONE',  ( 0.0000000000000000000, 0.9896873708806827000, -0.1432442247327341500 ) ) ;
#1884 = ORIENTED_EDGE ( 'NONE', *, *, #914, .T. ) ;
#1885 = FACE_OUTER_BOUND ( 'NONE', #260, .T. ) ;
#1886 = CARTESIAN_POINT ( 'NONE',  ( 6.407149999999999700, -1.508842306026307200, 0.5434362886620723900 ) ) ;
#1887 = DIRECTION ( 'NONE',  ( 0.0000000000000000000, -0.1608412328543665800, 0.9869802925154520500 ) ) ;
#1888 = VERTEX_POINT ( 'NONE', #2415 ) ;
#1889 = CARTESIAN_POINT ( 'NONE',  ( 3.752850000000000000, -2.130904710205085100, -0.5238064693367142600 ) ) ;
#1890 = ORIENTED_EDGE ( 'NONE', *, *, #2321, .F. ) ;
#1891 = DIRECTION ( 'NONE',  ( 1.000000000000000000, -0.0000000000000000000, 0.0000000000000000000 ) ) ;
#1892 = CARTESIAN_POINT ( 'NONE',  ( 8.191500000000001300, 0.0000000000000000000, 0.0000000000000000000 ) ) ;
#1893 = EDGE_CURVE ( 'NONE', #65, #3001, #3147, .T. ) ;
#1894 = AXIS2_PLACEMENT_3D ( 'NONE', #1671, #1949, #159 ) ;
#1895 = ORIENTED_EDGE ( 'NONE', *, *, #2895, .F. ) ;
#1896 = DIRECTION ( 'NONE',  ( 0.0000000000000000000, 0.1432442247327341300, 0.9896873708806825900 ) ) ;
#1897 = ORIENTED_EDGE ( 'NONE', *, *, #989, .F. ) ;
#1898 = DIRECTION ( 'NONE',  ( -1.000000000000000000, 0.0000000000000000000, -0.0000000000000000000 ) ) ;
#1899 = DIRECTION ( 'NONE',  ( 0.0000000000000000000, 0.9975640502598246400, 0.06975647374411900200 ) ) ;
#1900 = ORIENTED_EDGE ( 'NONE', *, *, #2539, .F. ) ;
#1901 = CARTESIAN_POINT ( 'NONE',  ( 1.301749999999999500, 0.07904078947368625700, 1.562100000000059300 ) ) ;
#1902 = CARTESIAN_POINT ( 'NONE',  ( 1.301749999999999500, 0.0000000000000000000, 0.0000000000000000000 ) ) ;
#1903 = VECTOR ( 'NONE', #748, 1000.000000000000000 ) ;
#1904 = ORIENTED_EDGE ( 'NONE', *, *, #1409, .T. ) ;
#1905 = CARTESIAN_POINT ( 'NONE',  ( 2.051049999999999200, -1.002079768494316800, 1.016000000000058900 ) ) ;
#1906 = LINE ( 'NONE', #1971, #2777 ) ;
#1907 = PLANE ( 'NONE',  #2854 ) ;
#1908 = LINE ( 'NONE', #3275, #2489 ) ;
#1909 = FACE_OUTER_BOUND ( 'NONE', #383, .T. ) ;
#1910 = CARTESIAN_POINT ( 'NONE',  ( 3.752850000000000000, 0.0000000000000000000, 1.016000000000058900 ) ) ;
#1911 = DIRECTION ( 'NONE',  ( 0.0000000000000000000, -0.0000000000000000000, -1.000000000000000000 ) ) ;
#1912 = CARTESIAN_POINT ( 'NONE',  ( 7.156449999999999500, -1.586134982358195400, -0.5619004796483804100 ) ) ;
#1913 = VECTOR ( 'NONE', #2904, 1000.000000000000100 ) ;
#1914 = EDGE_CURVE ( 'NONE', #2750, #1936, #2390, .T. ) ;
#1915 = LINE ( 'NONE', #424, #1628 ) ;
#1916 = EDGE_CURVE ( 'NONE', #1348, #767, #126, .T. ) ;
#1917 = MANIFOLD_SOLID_BREP ( 'Pin 3', #336 ) ;
#1918 = LINE ( 'NONE', #257, #319 ) ;
#1919 = ORIENTED_EDGE ( 'NONE', *, *, #890, .F. ) ;
#1920 = EDGE_CURVE ( 'NONE', #3079, #32, #2628, .T. ) ;
#1921 = AXIS2_PLACEMENT_3D ( 'NONE', #1356, #1086, #2867 ) ;
#1922 = VERTEX_POINT ( 'NONE', #1139 ) ;
#1923 = CARTESIAN_POINT ( 'NONE',  ( 2.527300000000000800, 9.016999999999999500, -1.397000000000000000 ) ) ;
#1924 = EDGE_LOOP ( 'NONE', ( #1332, #498, #1377, #511 ) ) ;
#1925 = CARTESIAN_POINT ( 'NONE',  ( 5.454649999999999100, -1.002079768494317000, 1.016000000000058900 ) ) ;
#1926 = CYLINDRICAL_SURFACE ( 'NONE', #7, 1.054100000000000000 ) ;
#1927 = ORIENTED_EDGE ( 'NONE', *, *, #1468, .F. ) ;
#1928 = FACE_OUTER_BOUND ( 'NONE', #373, .T. ) ;
#1929 =( LENGTH_UNIT ( ) NAMED_UNIT ( * ) SI_UNIT ( .MILLI., .METRE. ) );
#1930 = ORIENTED_EDGE ( 'NONE', *, *, #1273, .F. ) ;
#1931 = CARTESIAN_POINT ( 'NONE',  ( 0.0000000000000000000, 9.016999999999999500, -1.397000000000000000 ) ) ;
#1932 = EDGE_LOOP ( 'NONE', ( #2503, #3091, #1429, #1419, #1002, #2468, #545, #1532, #2846, #54, #2370, #3081 ) ) ;
#1933 = EDGE_CURVE ( 'NONE', #3001, #1184, #2458, .T. ) ;
#1934 = CARTESIAN_POINT ( 'NONE',  ( 8.108950000000000100, -1.539316187958941700, 0.1076394735970000900 ) ) ;
#1935 = CARTESIAN_POINT ( 'NONE',  ( 5.454649999999999100, -2.198526388573793300E-016, 1.016000000000059100 ) ) ;
#1936 = VERTEX_POINT ( 'NONE', #2675 ) ;
#1937 = EDGE_CURVE ( 'NONE', #369, #650, #564, .T. ) ;
#1938 = AXIS2_PLACEMENT_3D ( 'NONE', #1192, #2451, #2966 ) ;
#1939 = VERTEX_POINT ( 'NONE', #1159 ) ;
#1940 =( NAMED_UNIT ( * ) SI_UNIT ( $, .STERADIAN. ) SOLID_ANGLE_UNIT ( ) );
#1941 = ORIENTED_EDGE ( 'NONE', *, *, #2214, .F. ) ;
#1942 = ORIENTED_EDGE ( 'NONE', *, *, #1207, .F. ) ;
#1943 = CARTESIAN_POINT ( 'NONE',  ( 3.752850000000000000, -1.586134982358195400, -0.5619004796483803000 ) ) ;
#1944 = CARTESIAN_POINT ( 'NONE',  ( 8.108950000000000100, -2.084085915805831100, 0.1457334839086657200 ) ) ;
#1945 = AXIS2_PLACEMENT_3D ( 'NONE', #2612, #591, #541 ) ;
#1946 = FACE_OUTER_BOUND ( 'NONE', #1924, .T. ) ;
#1947 = VERTEX_POINT ( 'NONE', #2137 ) ;
#1948 = VECTOR ( 'NONE', #2289, 1000.000000000000000 ) ;
#1949 = DIRECTION ( 'NONE',  ( 1.000000000000000000, 0.0000000000000000000, 0.0000000000000000000 ) ) ;
#1950 = FACE_OUTER_BOUND ( 'NONE', #1966, .T. ) ;
#1951 = FACE_OUTER_BOUND ( 'NONE', #136, .T. ) ;
#1952 =( NAMED_UNIT ( * ) PLANE_ANGLE_UNIT ( ) SI_UNIT ( $, .RADIAN. ) );
#1953 = DIRECTION ( 'NONE',  ( -1.000000000000000000, -0.0000000000000000000, -0.0000000000000000000 ) ) ;
#1954 = PRESENTATION_STYLE_ASSIGNMENT (( #2857 ) ) ;
#1955 = ORIENTED_EDGE ( 'NONE', *, *, #355, .F. ) ;
#1956 = VECTOR ( 'NONE', #1154, 1000.000000000000000 ) ;
#1957 = EDGE_CURVE ( 'NONE', #616, #650, #1153, .T. ) ;
#1958 = AXIS2_PLACEMENT_3D ( 'NONE', #2865, #542, #1848 ) ;
#1959 = VERTEX_POINT ( 'NONE', #1687 ) ;
#1960 = CARTESIAN_POINT ( 'NONE',  ( 7.156449999999999500, -5.421010862427522200E-017, 1.016000000000059100 ) ) ;
#1961 = ORIENTED_EDGE ( 'NONE', *, *, #404, .F. ) ;
#1962 = AXIS2_PLACEMENT_3D ( 'NONE', #474, #2735, #2251 ) ;
#1963 = CARTESIAN_POINT ( 'NONE',  ( 9.715499999999998700, 0.3492500000000006200, 3.429000000000000300 ) ) ;
#1964 = CARTESIAN_POINT ( 'NONE',  ( 7.156449999999999500, -1.002079768494315900, 1.562100000000059100 ) ) ;
#1965 = DIRECTION ( 'NONE',  ( -1.000000000000000000, 0.0000000000000000000, -0.0000000000000000000 ) ) ;
#1966 = EDGE_LOOP ( 'NONE', ( #1930, #2652, #1465, #386 ) ) ;
#1967 = LINE ( 'NONE', #1574, #496 ) ;
#1968 = ORIENTED_EDGE ( 'NONE', *, *, #1846, .T. ) ;
#1969 = ORIENTED_EDGE ( 'NONE', *, *, #2614, .F. ) ;
#1970 = ORIENTED_EDGE ( 'NONE', *, *, #269, .F. ) ;
#1971 = CARTESIAN_POINT ( 'NONE',  ( 2.051049999999999200, -1.586134982358195400, -0.5619004796483804100 ) ) ;
#1972 = EDGE_CURVE ( 'NONE', #2219, #1818, #2536, .T. ) ;
#1973 = ORIENTED_EDGE ( 'NONE', *, *, #2940, .T. ) ;
#1974 = DIRECTION ( 'NONE',  ( -1.000000000000000000, -0.0000000000000000000, -0.0000000000000000000 ) ) ;
#1975 = VERTEX_POINT ( 'NONE', #1471 ) ;
#1976 = EDGE_CURVE ( 'NONE', #2434, #1450, #2826, .T. ) ;
#1977 = AXIS2_PLACEMENT_3D ( 'NONE', #3064, #2058, #2036 ) ;
#1978 = DIRECTION ( 'NONE',  ( -1.000000000000000000, -0.0000000000000000000, -0.0000000000000000000 ) ) ;
#1979 = LINE ( 'NONE', #236, #1142 ) ;
#1980 = ORIENTED_EDGE ( 'NONE', *, *, #377, .F. ) ;
#1981 = DIRECTION ( 'NONE',  ( -1.000000000000000000, -0.0000000000000000000, -0.0000000000000000000 ) ) ;
#1982 = VECTOR ( 'NONE', #198, 1000.000000000000100 ) ;
#1983 = CARTESIAN_POINT ( 'NONE',  ( 7.632699999999987400, -1.184737283025067600E-014, 0.0000000000000000000 ) ) ;
#1984 = CARTESIAN_POINT ( 'NONE',  ( 8.858250000000000000, -2.130904710205084700, -0.5238064693367141500 ) ) ;
#1985 = CARTESIAN_POINT ( 'NONE',  ( 0.8254999999999994600, 1.301750000000000900, 3.429000000000000300 ) ) ;
#1986 = CYLINDRICAL_SURFACE ( 'NONE', #2031, 1.054100000000000000 ) ;
#1987 = LINE ( 'NONE', #2167, #1228 ) ;
#1988 = CARTESIAN_POINT ( 'NONE',  ( 8.191500000000001300, 8.458199999999996200, -1.397000000000000000 ) ) ;
#1989 = VECTOR ( 'NONE', #1036, 1000.000000000000000 ) ;
#1990 = VECTOR ( 'NONE', #2171, 1000.000000000000000 ) ;
#1991 = CARTESIAN_POINT ( 'NONE',  ( 2.051049999999999200, -1.508842306026307200, 0.5434362886620723900 ) ) ;
#1992 = ORIENTED_EDGE ( 'NONE', *, *, #1366, .T. ) ;
#1993 = VECTOR ( 'NONE', #2883, 1000.000000000000000 ) ;
#1994 = CARTESIAN_POINT ( 'NONE',  ( 2.051049999999999200, -2.053612033873196500, 0.5815302989737373100 ) ) ;
#1995 = ORIENTED_EDGE ( 'NONE', *, *, #1739, .F. ) ;
#1996 = PLANE ( 'NONE',  #1718 ) ;
#1997 = CARTESIAN_POINT ( 'NONE',  ( 2.051049999999999200, -4.247585486723684400, -0.2970201115440862500 ) ) ;
#1998 = EDGE_LOOP ( 'NONE', ( #795, #2460, #1517, #1286 ) ) ;
#1999 = DIRECTION ( 'NONE',  ( 1.000000000000000000, -1.552186360036513800E-015, 0.0000000000000000000 ) ) ;
#2000 = EDGE_CURVE ( 'NONE', #1336, #1651, #4, .T. ) ;
#2001 = CARTESIAN_POINT ( 'NONE',  ( 2.527300000000014500, 3.922840587720303600E-015, 0.0000000000000000000 ) ) ;
#2002 = AXIS2_PLACEMENT_3D ( 'NONE', #993, #1736, #2775 ) ;
#2003 = VECTOR ( 'NONE', #2142, 1000.000000000000000 ) ;
#2004 = EDGE_LOOP ( 'NONE', ( #825, #3165, #1303, #1653 ) ) ;
#2005 = CIRCLE ( 'NONE', #2860, 1.054100000000000000 ) ;
#2006 = AXIS2_PLACEMENT_3D ( 'NONE', #1251, #17, #1293 ) ;
#2007 = ORIENTED_EDGE ( 'NONE', *, *, #1225, .F. ) ;
#2008 = DIRECTION ( 'NONE',  ( 1.000000000000000000, 0.0000000000000000000, 0.0000000000000000000 ) ) ;
#2009 = CARTESIAN_POINT ( 'NONE',  ( 8.858250000000000000, -1.002079768494316300, 0.5080000000000586300 ) ) ;
#2010 = LINE ( 'NONE', #1593, #1008 ) ;
#2011 = PLANE ( 'NONE',  #2006 ) ;
#2012 = EDGE_LOOP ( 'NONE', ( #1576, #1129, #461, #289 ) ) ;
#2013 = CARTESIAN_POINT ( 'NONE',  ( 3.752850000000000000, -4.191000000000004300, -1.106230272153112800 ) ) ;
#2014 = CARTESIAN_POINT ( 'NONE',  ( 7.156449999999999500, -1.508842306026307200, 0.5434362886620723900 ) ) ;
#2015 = DIRECTION ( 'NONE',  ( -0.09171704949125528100, 0.0000000000000000000, 0.9957851087622361400 ) ) ;
#2016 = ORIENTED_EDGE ( 'NONE', *, *, #3066, .T. ) ;
#2017 = PLANE ( 'NONE',  #551 ) ;
#2018 = VERTEX_POINT ( 'NONE', #2212 ) ;
#2019 = ADVANCED_FACE ( 'NONE', ( #439 ), #2035, .T. ) ;
#2020 = ORIENTED_EDGE ( 'NONE', *, *, #1383, .F. ) ;
#2021 = DIRECTION ( 'NONE',  ( 0.0000000000000000000, 0.9975640502598246400, 0.06975647374411955700 ) ) ;
#2022 = EDGE_CURVE ( 'NONE', #3155, #223, #40, .T. ) ;
#2023 = EDGE_CURVE ( 'NONE', #588, #2731, #2387, .T. ) ;
#2024 = VERTEX_POINT ( 'NONE', #2959 ) ;
#2025 = CARTESIAN_POINT ( 'NONE',  ( 1.396999999999999800, 1.301750000000000900, 3.175000000000000300 ) ) ;
#2026 = CARTESIAN_POINT ( 'NONE',  ( 7.156449999999999500, -2.053612033873196500, 0.5815302989737370900 ) ) ;
#2027 = CARTESIAN_POINT ( 'NONE',  ( 1.968500000000000600, 0.0000000000000000000, 0.0000000000000000000 ) ) ;
#2028 = FACE_OUTER_BOUND ( 'NONE', #104, .T. ) ;
#2029 = EDGE_LOOP ( 'NONE', ( #625, #570, #177, #723 ) ) ;
#2030 = EDGE_CURVE ( 'NONE', #2174, #2353, #1702, .T. ) ;
#2031 = AXIS2_PLACEMENT_3D ( 'NONE', #938, #959, #2990 ) ;
#2032 = DIRECTION ( 'NONE',  ( 0.0000000000000000000, -0.9975640502598246400, -0.06975647374411905700 ) ) ;
#2033 = VECTOR ( 'NONE', #1444, 1000.000000000000000 ) ;
#2034 = DIRECTION ( 'NONE',  ( 0.0000000000000000000, -0.9975640502598245300, 0.06975647374412133300 ) ) ;
#2035 = CYLINDRICAL_SURFACE ( 'NONE', #2764, 1.054100000000000000 ) ;
#2036 = DIRECTION ( 'NONE',  ( 1.000000000000000000, 0.0000000000000000000, -0.0000000000000000000 ) ) ;
#2037 = ADVANCED_FACE ( 'NONE', ( #1354 ), #2697, .T. ) ;
#2038 = CARTESIAN_POINT ( 'NONE',  ( 6.407149999999999700, 1.355252715606882100E-017, 1.016000000000059300 ) ) ;
#2039 = ORIENTED_EDGE ( 'NONE', *, *, #107, .T. ) ;
#2040 = LINE ( 'NONE', #1925, #523 ) ;
#2041 = VERTEX_POINT ( 'NONE', #1460 ) ;
#2042 = EDGE_CURVE ( 'NONE', #2482, #2542, #2114, .T. ) ;
#2043 = EDGE_CURVE ( 'NONE', #2898, #3190, #161, .T. ) ;
#2044 = CARTESIAN_POINT ( 'NONE',  ( 1.301749999999999300, -2.564136948763400300, -1.539902446053583100 ) ) ;
#2045 = ORIENTED_EDGE ( 'NONE', *, *, #2418, .F. ) ;
#2046 = CARTESIAN_POINT ( 'NONE',  ( 3.752850000000000000, -1.586134982358195400, -0.5619004796483803000 ) ) ;
#2047 = ORIENTED_EDGE ( 'NONE', *, *, #3170, .T. ) ;
#2048 = EDGE_CURVE ( 'NONE', #1256, #1524, #684, .T. ) ;
#2049 = DIRECTION ( 'NONE',  ( 0.0000000000000000000, 1.000000000000000000, 4.011401557374117600E-016 ) ) ;
#2050 = LINE ( 'NONE', #1583, #3037 ) ;
#2051 = ORIENTED_EDGE ( 'NONE', *, *, #1318, .F. ) ;
#2052 = DIRECTION ( 'NONE',  ( 0.0000000000000000000, 0.1432442247327341300, 0.9896873708806825900 ) ) ;
#2053 = ADVANCED_FACE ( 'NONE', ( #1787 ), #1442, .F. ) ;
#2054 = CARTESIAN_POINT ( 'NONE',  ( 2.051049999999999200, -1.508842306026307200, 0.5434362886620723900 ) ) ;
#2055 = ORIENTED_EDGE ( 'NONE', *, *, #1739, .T. ) ;
#2056 = CARTESIAN_POINT ( 'NONE',  ( 5.454649999999999100, -2.602230959075063000, -0.9951327182066916900 ) ) ;
#2057 = ORIENTED_EDGE ( 'NONE', *, *, #1783, .T. ) ;
#2058 = DIRECTION ( 'NONE',  ( 0.0000000000000000000, 0.0000000000000000000, 1.000000000000000000 ) ) ;
#2059 = CARTESIAN_POINT ( 'NONE',  ( 3.003549999999999300, 0.05658548672368050900, -0.8092101606090257300 ) ) ;
#2060 = EDGE_LOOP ( 'NONE', ( #2065, #1635, #1890, #527 ) ) ;
#2061 = CARTESIAN_POINT ( 'NONE',  ( 3.003549999999999700, -2.084085915805831100, 0.1457334839086657200 ) ) ;
#2062 = CARTESIAN_POINT ( 'NONE',  ( 8.858250000000000000, -2.130904710205085100, -0.5238064693367142600 ) ) ;
#2063 = LINE ( 'NONE', #2746, #1695 ) ;
#2064 = CARTESIAN_POINT ( 'NONE',  ( 1.396999999999999800, 1.301750000000000900, 3.429000000000000300 ) ) ;
#2065 = ORIENTED_EDGE ( 'NONE', *, *, #2152, .F. ) ;
#2066 = EDGE_CURVE ( 'NONE', #767, #3039, #1272, .T. ) ;
#2067 = DIRECTION ( 'NONE',  ( 1.000000000000000000, 0.0000000000000000000, 0.0000000000000000000 ) ) ;
#2068 = ADVANCED_FACE ( 'NONE', ( #2785 ), #1180, .F. ) ;
#2069 = LINE ( 'NONE', #2026, #2263 ) ;
#2070 = DIRECTION ( 'NONE',  ( 0.0000000000000000000, 0.0000000000000000000, 1.000000000000000000 ) ) ;
#2071 = LINE ( 'NONE', #898, #436 ) ;
#2072 = FACE_OUTER_BOUND ( 'NONE', #548, .T. ) ;
#2073 = CARTESIAN_POINT ( 'NONE',  ( 0.0000000000000000000, 8.458199999999996200, -1.397000000000000000 ) ) ;
#2074 = LINE ( 'NONE', #2412, #876 ) ;
#2075 = CARTESIAN_POINT ( 'NONE',  ( 3.752850000000000000, -1.002079768494315700, 0.5080000000000588500 ) ) ;
#2076 = ADVANCED_FACE ( 'NONE', ( #1950 ), #1986, .T. ) ;
#2077 = DIRECTION ( 'NONE',  ( 0.0000000000000000000, -0.06975647374411947400, 0.9975640502598246400 ) ) ;
#2078 = LINE ( 'NONE', #285, #1398 ) ;
#2079 = PLANE ( 'NONE',  #2960 ) ;
#2080 = FACE_OUTER_BOUND ( 'NONE', #2568, .T. ) ;
#2081 = CARTESIAN_POINT ( 'NONE',  ( 4.705349999999999300, 0.0000000000000000000, 0.0000000000000000000 ) ) ;
#2082 = VERTEX_POINT ( 'NONE', #475 ) ;
#2083 = CARTESIAN_POINT ( 'NONE',  ( 1.968500000000000600, 0.0000000000000000000, 0.0000000000000000000 ) ) ;
#2084 = CIRCLE ( 'NONE', #952, 0.5080000000000001200 ) ;
#2085 = ORIENTED_EDGE ( 'NONE', *, *, #728, .F. ) ;
#2086 = CYLINDRICAL_SURFACE ( 'NONE', #1067, 0.5080000000000001200 ) ;
#2087 = ORIENTED_EDGE ( 'NONE', *, *, #3257, .T. ) ;
#2088 = EDGE_CURVE ( 'NONE', #2179, #2442, #764, .T. ) ;
#2089 = EDGE_CURVE ( 'NONE', #254, #680, #988, .T. ) ;
#2090 = FACE_OUTER_BOUND ( 'NONE', #57, .T. ) ;
#2091 =( NAMED_UNIT ( * ) PLANE_ANGLE_UNIT ( ) SI_UNIT ( $, .RADIAN. ) );
#2092 = VERTEX_POINT ( 'NONE', #1731 ) ;
#2093 = ADVANCED_FACE ( 'NONE', ( #840 ), #213, .F. ) ;
#2094 = LINE ( 'NONE', #1107, #417 ) ;
#2095 = EDGE_CURVE ( 'NONE', #2482, #3001, #1435, .T. ) ;
#2096 = AXIS2_PLACEMENT_3D ( 'NONE', #1864, #2377, #114 ) ;
#2097 = ORIENTED_EDGE ( 'NONE', *, *, #83, .T. ) ;
#2098 = ORIENTED_EDGE ( 'NONE', *, *, #1253, .T. ) ;
#2099 = VERTEX_POINT ( 'NONE', #464 ) ;
#2100 = PLANE ( 'NONE',  #2182 ) ;
#2101 = PLANE ( 'NONE',  #1534 ) ;
#2102 = DIRECTION ( 'NONE',  ( -1.000000000000000000, -0.0000000000000000000, -0.0000000000000000000 ) ) ;
#2103 = ORIENTED_EDGE ( 'NONE', *, *, #1573, .F. ) ;
#2104 = VERTEX_POINT ( 'NONE', #2252 ) ;
#2105 = CARTESIAN_POINT ( 'NONE',  ( 2.051049999999999200, -5.706327223607973000E-017, 1.016000000000059100 ) ) ;
#2106 = ADVANCED_FACE ( 'NONE', ( #2455 ), #1113, .F. ) ;
#2107 = LINE ( 'NONE', #3013, #190 ) ;
#2108 = ORIENTED_EDGE ( 'NONE', *, *, #1689, .F. ) ;
#2109 = DIRECTION ( 'NONE',  ( -1.000000000000000000, -0.0000000000000000000, -0.0000000000000000000 ) ) ;
#2110 = DIRECTION ( 'NONE',  ( -1.000000000000000000, -0.0000000000000000000, 0.0000000000000000000 ) ) ;
#2111 = VECTOR ( 'NONE', #2191, 1000.000000000000000 ) ;
#2112 = EDGE_CURVE ( 'NONE', #2183, #2542, #81, .T. ) ;
#2113 = AXIS2_PLACEMENT_3D ( 'NONE', #2908, #2067, #2318 ) ;
#2114 = LINE ( 'NONE', #1944, #1190 ) ;
#2115 = DIRECTION ( 'NONE',  ( 0.0000000000000000000, -2.163903925761482300E-016, 1.000000000000000000 ) ) ;
#2116 = CARTESIAN_POINT ( 'NONE',  ( 8.191500000000001300, 0.0000000000000000000, 0.0000000000000000000 ) ) ;
#2117 = FACE_OUTER_BOUND ( 'NONE', #2915, .T. ) ;
#2118 = COLOUR_RGB ( '',0.7921568627450980000, 0.8196078431372548800, 0.9333333333333333500 ) ;
#2119 = DIRECTION ( 'NONE',  ( -0.5098023903017330200, -0.8602915336341742100, 0.0000000000000000000 ) ) ;
#2120 = EDGE_LOOP ( 'NONE', ( #502, #2546, #427, #201 ) ) ;
#2121 = DIRECTION ( 'NONE',  ( 0.0000000000000000000, -1.000000000000000000, -0.0000000000000000000 ) ) ;
#2122 = VECTOR ( 'NONE', #2163, 1000.000000000000000 ) ;
#2123 = CLOSED_SHELL ( 'NONE', ( #992, #1813, #241, #1313, #1302, #333, #256, #1794, #611, #1514, #2600, #3065, #2265, #2575, #89, #1526 ) ) ;
#2124 = DIRECTION ( 'NONE',  ( 0.0000000000000000000, -0.06975647374412180500, -0.9975640502598245300 ) ) ;
#2125 = ADVANCED_FACE ( 'NONE', ( #1506 ), #3222, .T. ) ;
#2126 = ORIENTED_EDGE ( 'NONE', *, *, #750, .F. ) ;
#2127 = DIRECTION ( 'NONE',  ( -0.8602915336341741000, 0.5098023903017329100, -0.0000000000000000000 ) ) ;
#2128 = CARTESIAN_POINT ( 'NONE',  ( 9.715499999999998700, 0.3492500000000006200, 3.429000000000000300 ) ) ;
#2129 = ORIENTED_EDGE ( 'NONE', *, *, #63, .F. ) ;
#2130 = FACE_OUTER_BOUND ( 'NONE', #2060, .T. ) ;
#2131 = CARTESIAN_POINT ( 'NONE',  ( 0.0000000000000000000, 0.0000000000000000000, 3.429000000000000300 ) ) ;
#2132 = ORIENTED_EDGE ( 'NONE', *, *, #44, .T. ) ;
#2133 = EDGE_CURVE ( 'NONE', #115, #1959, #1870, .T. ) ;
#2134 = DIRECTION ( 'NONE',  ( 1.000000000000000000, 0.0000000000000000000, 0.0000000000000000000 ) ) ;
#2135 = DIRECTION ( 'NONE',  ( 0.0000000000000000000, 0.1432442247327341300, 0.9896873708806825900 ) ) ;
#2136 = VERTEX_POINT ( 'NONE', #885 ) ;
#2137 = CARTESIAN_POINT ( 'NONE',  ( 10.03132894736841500, 9.016999999999999500, -7.350337021411655400E-014 ) ) ;
#2138 = AXIS2_PLACEMENT_3D ( 'NONE', #2083, #3112, #103 ) ;
#2139 = ORIENTED_EDGE ( 'NONE', *, *, #1058, .F. ) ;
#2140 = PLANE ( 'NONE',  #1765 ) ;
#2141 = ORIENTED_EDGE ( 'NONE', *, *, #1124, .F. ) ;
#2142 = DIRECTION ( 'NONE',  ( -1.000000000000000000, -0.0000000000000000000, 0.0000000000000000000 ) ) ;
#2143 = EDGE_LOOP ( 'NONE', ( #1691, #1387, #1605, #2291 ) ) ;
#2144 = CARTESIAN_POINT ( 'NONE',  ( 3.752850000000000000, -2.053612033873196500, 0.5815302989737370900 ) ) ;
#2145 = VECTOR ( 'NONE', #1040, 1000.000000000000000 ) ;
#2146 = VERTEX_POINT ( 'NONE', #1646 ) ;
#2147 = DIRECTION ( 'NONE',  ( -1.000000000000000000, 0.0000000000000000000, -0.0000000000000000000 ) ) ;
#2148 = DIRECTION ( 'NONE',  ( 0.0000000000000000000, 0.9975640502598246400, 0.06975647374411955700 ) ) ;
#2149 = VECTOR ( 'NONE', #2221, 1000.000000000000100 ) ;
#2150 = DIRECTION ( 'NONE',  ( 0.0000000000000000000, -1.000000000000000000, 0.0000000000000000000 ) ) ;
#2151 = CARTESIAN_POINT ( 'NONE',  ( 6.407149999999997900, -4.191000000000003400, -1.106230272153112800 ) ) ;
#2152 = EDGE_CURVE ( 'NONE', #1631, #11, #123, .T. ) ;
#2153 =( LENGTH_UNIT ( ) NAMED_UNIT ( * ) SI_UNIT ( .MILLI., .METRE. ) );
#2154 = LINE ( 'NONE', #2580, #194 ) ;
#2155 = PLANE ( 'NONE',  #3088 ) ;
#2156 = VECTOR ( 'NONE', #1420, 1000.000000000000000 ) ;
#2157 = EDGE_CURVE ( 'NONE', #2136, #2634, #872, .T. ) ;
#2158 = ORIENTED_EDGE ( 'NONE', *, *, #2066, .F. ) ;
#2159 = CARTESIAN_POINT ( 'NONE',  ( 5.454649999999999100, -4.152905989688341600, -1.651000000000002900 ) ) ;
#2160 = CYLINDRICAL_SURFACE ( 'NONE', #1740, 0.5079999999999997900 ) ;
#2161 = ORIENTED_EDGE ( 'NONE', *, *, #2043, .T. ) ;
#2162 =( GEOMETRIC_REPRESENTATION_CONTEXT ( 3 ) GLOBAL_UNCERTAINTY_ASSIGNED_CONTEXT ( ( #277 ) ) GLOBAL_UNIT_ASSIGNED_CONTEXT ( ( #378, #1407, #3184 ) ) REPRESENTATION_CONTEXT ( 'NONE', 'WORKASPACE' ) );
#2163 = DIRECTION ( 'NONE',  ( -0.0000000000000000000, -0.0000000000000000000, -1.000000000000000000 ) ) ;
#2164 = MANIFOLD_SOLID_BREP ( 'Pin 1', #1645 ) ;
#2165 = ORIENTED_EDGE ( 'NONE', *, *, #627, .F. ) ;
#2166 = APPLICATION_CONTEXT ( 'automotive_design' ) ;
#2167 = CARTESIAN_POINT ( 'NONE',  ( 5.454649999999999100, -1.002079768494315900, 1.562100000000058900 ) ) ;
#2168 = ORIENTED_EDGE ( 'NONE', *, *, #1340, .T. ) ;
#2169 = LINE ( 'NONE', #2241, #1841 ) ;
#2170 = DIRECTION ( 'NONE',  ( 0.0000000000000000000, 1.000000000000000000, 0.0000000000000000000 ) ) ;
#2171 = DIRECTION ( 'NONE',  ( 0.0000000000000000000, 0.06975647374412132000, 0.9975640502598245300 ) ) ;
#2172 = VERTEX_POINT ( 'NONE', #638 ) ;
#2173 = CIRCLE ( 'NONE', #3138, 0.5079999999999997900 ) ;
#2174 = VERTEX_POINT ( 'NONE', #371 ) ;
#2175 = DIRECTION ( 'NONE',  ( 1.000000000000000000, 0.0000000000000000000, 0.0000000000000000000 ) ) ;
#2176 = EDGE_CURVE ( 'NONE', #2222, #2092, #234, .T. ) ;
#2177 = MECHANICAL_DESIGN_GEOMETRIC_PRESENTATION_REPRESENTATION (  '', ( #870 ), #2237 ) ;
#2178 = ORIENTED_EDGE ( 'NONE', *, *, #147, .T. ) ;
#2179 = VERTEX_POINT ( 'NONE', #395 ) ;
#2180 = DIRECTION ( 'NONE',  ( 0.0000000000000000000, -1.000000000000000000, -0.0000000000000000000 ) ) ;
#2181 = CARTESIAN_POINT ( 'NONE',  ( 3.003549999999999700, -1.539316187958941700, 0.1076394735970000900 ) ) ;
#2182 = AXIS2_PLACEMENT_3D ( 'NONE', #2862, #3085, #72 ) ;
#2183 = VERTEX_POINT ( 'NONE', #2958 ) ;
#2184 = DIRECTION ( 'NONE',  ( 0.0000000000000000000, -0.9975640502598246400, -0.06975647374411962600 ) ) ;
#2185 = VERTEX_POINT ( 'NONE', #671 ) ;
#2186 = LINE ( 'NONE', #441, #155 ) ;
#2187 = EDGE_LOOP ( 'NONE', ( #2957, #3033, #2051, #2742 ) ) ;
#2188 = LINE ( 'NONE', #182, #2266 ) ;
#2189 = LINE ( 'NONE', #3212, #227 ) ;
#2190 = CARTESIAN_POINT ( 'NONE',  ( 0.0000000000000000000, 9.016999999999999500, -1.397000000000000000 ) ) ;
#2191 = DIRECTION ( 'NONE',  ( 1.000000000000000000, 0.0000000000000000000, 0.0000000000000000000 ) ) ;
#2192 = VECTOR ( 'NONE', #142, 1000.000000000000000 ) ;
#2193 = CARTESIAN_POINT ( 'NONE',  ( 7.156449999999999500, -1.002079768494315700, 0.5080000000000588500 ) ) ;
#2194 = EDGE_CURVE ( 'NONE', #3046, #65, #2705, .T. ) ;
#2195 = VECTOR ( 'NONE', #655, 1000.000000000000000 ) ;
#2196 = LINE ( 'NONE', #3248, #2351 ) ;
#2197 = DIRECTION ( 'NONE',  ( 1.000000000000000000, 0.0000000000000000000, -0.0000000000000000000 ) ) ;
#2198 = LINE ( 'NONE', #1518, #1511 ) ;
#2199 = PLANE ( 'NONE',  #3153 ) ;
#2200 = EDGE_CURVE ( 'NONE', #2246, #1805, #1393, .T. ) ;
#2201 = AXIS2_PLACEMENT_3D ( 'NONE', #1223, #2494, #1400 ) ;
#2202 = ORIENTED_EDGE ( 'NONE', *, *, #1018, .T. ) ;
#2203 = DIRECTION ( 'NONE',  ( 0.0000000000000000000, 0.0000000000000000000, -1.000000000000000000 ) ) ;
#2204 = PRODUCT_RELATED_PRODUCT_CATEGORY ( 'part', '', ( #2310 ) ) ;
#2205 = ORIENTED_EDGE ( 'NONE', *, *, #2853, .T. ) ;
#2206 = FACE_OUTER_BOUND ( 'NONE', #1998, .T. ) ;
#2207 = ORIENTED_EDGE ( 'NONE', *, *, #1851, .T. ) ;
#2208 = DIRECTION ( 'NONE',  ( -1.000000000000000000, -0.0000000000000000000, -0.0000000000000000000 ) ) ;
#2209 = VECTOR ( 'NONE', #1616, 1000.000000000000000 ) ;
#2210 = ORIENTED_EDGE ( 'NONE', *, *, #1732, .T. ) ;
#2211 = CARTESIAN_POINT ( 'NONE',  ( 4.705349999999999300, -0.1440352721723030200, 0.02084721044599177300 ) ) ;
#2212 = CARTESIAN_POINT ( 'NONE',  ( 3.752850000000000000, -4.152905989688340700, -1.651000000000002500 ) ) ;
#2213 = ORIENTED_EDGE ( 'NONE', *, *, #1130, .T. ) ;
#2214 = EDGE_CURVE ( 'NONE', #3142, #2434, #1662, .T. ) ;
#2215 = EDGE_CURVE ( 'NONE', #1016, #467, #2866, .T. ) ;
#2216 = VERTEX_POINT ( 'NONE', #2922 ) ;
#2217 = EDGE_CURVE ( 'NONE', #1219, #970, #2863, .T. ) ;
#2218 = AXIS2_PLACEMENT_3D ( 'NONE', #1902, #95, #2870 ) ;
#2219 = VERTEX_POINT ( 'NONE', #2932 ) ;
#2220 = VERTEX_POINT ( 'NONE', #1412 ) ;
#2221 = DIRECTION ( 'NONE',  ( 0.09077904039057783900, -0.1426527777566243800, -0.9856010099548827600 ) ) ;
#2222 = VERTEX_POINT ( 'NONE', #1923 ) ;
#2223 = CARTESIAN_POINT ( 'NONE',  ( 7.156449999999999500, -2.637667247737076200, -0.4883701806747018900 ) ) ;
#2224 = STYLED_ITEM ( 'NONE', ( #642 ), #2436 ) ;
#2225 = FACE_OUTER_BOUND ( 'NONE', #3129, .T. ) ;
#2226 = ORIENTED_EDGE ( 'NONE', *, *, #889, .F. ) ;
#2227 = CARTESIAN_POINT ( 'NONE',  ( 1.371599999999999900, 10.71879999999999800, -1.397000000000000000 ) ) ;
#2228 = VECTOR ( 'NONE', #435, 1000.000000000000000 ) ;
#2229 = DIRECTION ( 'NONE',  ( 0.0000000000000000000, 0.0000000000000000000, 1.000000000000000000 ) ) ;
#2230 = DIRECTION ( 'NONE',  ( 0.0000000000000000000, -0.0000000000000000000, -1.000000000000000000 ) ) ;
#2231 = DIRECTION ( 'NONE',  ( 0.0000000000000000000, 0.06975647374412179100, 0.9975640502598245300 ) ) ;
#2232 = FACE_OUTER_BOUND ( 'NONE', #1089, .T. ) ;
#2233 = FACE_OUTER_BOUND ( 'NONE', #2937, .T. ) ;
#2234 = LINE ( 'NONE', #2632, #196 ) ;
#2235 = EDGE_CURVE ( 'NONE', #637, #2859, #2071, .T. ) ;
#2236 = CARTESIAN_POINT ( 'NONE',  ( 3.752850000000000000, -1.002079768494317000, 1.016000000000058900 ) ) ;
#2237 =( GEOMETRIC_REPRESENTATION_CONTEXT ( 3 ) GLOBAL_UNCERTAINTY_ASSIGNED_CONTEXT ( ( #1464 ) ) GLOBAL_UNIT_ASSIGNED_CONTEXT ( ( #1929, #2672, #1940 ) ) REPRESENTATION_CONTEXT ( 'NONE', 'WORKASPACE' ) );
#2238 = ORIENTED_EDGE ( 'NONE', *, *, #2273, .T. ) ;
#2239 = DIRECTION ( 'NONE',  ( -1.000000000000000000, -0.0000000000000000000, -0.0000000000000000000 ) ) ;
#2240 = ORIENTED_EDGE ( 'NONE', *, *, #1081, .F. ) ;
#2241 = CARTESIAN_POINT ( 'NONE',  ( 2.527300000000001200, 8.458199999999996200, 0.0000000000000000000 ) ) ;
#2242 = CARTESIAN_POINT ( 'NONE',  ( 7.156449999999999500, -2.637667247737076200, -0.4883701806747018900 ) ) ;
#2243 = DIRECTION ( 'NONE',  ( 0.0000000000000000000, 0.9975640502598246400, 0.06975647374411955700 ) ) ;
#2244 = ORIENTED_EDGE ( 'NONE', *, *, #2379, .T. ) ;
#2245 = VECTOR ( 'NONE', #1315, 1000.000000000000000 ) ;
#2246 = VERTEX_POINT ( 'NONE', #191 ) ;
#2247 = DIRECTION ( 'NONE',  ( 0.0000000000000000000, -0.9975640502598246400, -0.06975647374411962600 ) ) ;
#2248 = DIRECTION ( 'NONE',  ( 0.0000000000000000000, 0.9975640502598246400, 0.06975647374411955700 ) ) ;
#2249 = CARTESIAN_POINT ( 'NONE',  ( 5.454649999999999100, 0.07904078947368624300, 1.562100000000059300 ) ) ;
#2250 = ORIENTED_EDGE ( 'NONE', *, *, #811, .F. ) ;
#2251 = DIRECTION ( 'NONE',  ( 0.0000000000000000000, -1.000000000000000000, -2.163903925761482300E-016 ) ) ;
#2252 = CARTESIAN_POINT ( 'NONE',  ( 2.051049999999999200, -4.191000000000002500, -1.106230272153112500 ) ) ;
#2253 = EDGE_CURVE ( 'NONE', #2595, #1888, #3306, .T. ) ;
#2254 = EDGE_CURVE ( 'NONE', #1140, #1767, #1784, .T. ) ;
#2255 = DIRECTION ( 'NONE',  ( 1.000000000000000000, 0.0000000000000000000, 0.0000000000000000000 ) ) ;
#2256 = CARTESIAN_POINT ( 'NONE',  ( 1.301749999999999500, -1.002079768494316800, 1.016000000000058900 ) ) ;
#2257 = EDGE_CURVE ( 'NONE', #1683, #525, #1698, .T. ) ;
#2258 = PLANE ( 'NONE',  #2683 ) ;
#2259 = ORIENTED_EDGE ( 'NONE', *, *, #2215, .F. ) ;
#2260 = ORIENTED_EDGE ( 'NONE', *, *, #2853, .F. ) ;
#2261 = DIRECTION ( 'NONE',  ( 1.000000000000000000, 0.0000000000000000000, 0.0000000000000000000 ) ) ;
#2262 = CARTESIAN_POINT ( 'NONE',  ( 1.371599999999999700, 10.71880000000000000, -1.397000000000000000 ) ) ;
#2263 = VECTOR ( 'NONE', #2524, 1000.000000000000000 ) ;
#2264 = DIRECTION ( 'NONE',  ( 1.000000000000000000, -0.0000000000000000000, 0.0000000000000000000 ) ) ;
#2265 = ADVANCED_FACE ( 'NONE', ( #2578 ), #1996, .T. ) ;
#2266 = VECTOR ( 'NONE', #2465, 1000.000000000000000 ) ;
#2267 = LINE ( 'NONE', #2477, #2033 ) ;
#2268 = DIRECTION ( 'NONE',  ( 0.0000000000000000000, -1.000000000000000000, 0.0000000000000000000 ) ) ;
#2269 = VECTOR ( 'NONE', #710, 1000.000000000000000 ) ;
#2270 = ADVANCED_FACE ( 'NONE', ( #2345 ), #3264, .F. ) ;
#2271 = FACE_OUTER_BOUND ( 'NONE', #3209, .T. ) ;
#2272 = DIRECTION ( 'NONE',  ( 0.0000000000000000000, -0.06975647374412133300, -0.9975640502598245300 ) ) ;
#2273 = EDGE_CURVE ( 'NONE', #1682, #2691, #3183, .T. ) ;
#2274 = DIRECTION ( 'NONE',  ( -1.000000000000000000, -0.0000000000000000000, -0.0000000000000000000 ) ) ;
#2275 = EDGE_LOOP ( 'NONE', ( #3173, #251, #1530, #3051 ) ) ;
#2276 = CARTESIAN_POINT ( 'NONE',  ( 0.0000000000000000000, 0.0000000000000000000, 0.0000000000000000000 ) ) ;
#2277 = LINE ( 'NONE', #2690, #614 ) ;
#2278 = CARTESIAN_POINT ( 'NONE',  ( 7.632699999999987400, -1.184737283025067600E-014, -1.397000000000000000 ) ) ;
#2279 = EDGE_LOOP ( 'NONE', ( #617, #760, #2587, #2641 ) ) ;
#2280 = EDGE_CURVE ( 'NONE', #1818, #2806, #1908, .T. ) ;
#2281 = DIRECTION ( 'NONE',  ( 1.000000000000000000, -0.0000000000000000000, 0.0000000000000000000 ) ) ;
#2282 = ORIENTED_EDGE ( 'NONE', *, *, #1688, .F. ) ;
#2283 = CIRCLE ( 'NONE', #2504, 1.054100000000000000 ) ;
#2284 = ADVANCED_FACE ( 'NONE', ( #1505 ), #463, .F. ) ;
#2285 = AXIS2_PLACEMENT_3D ( 'NONE', #197, #460, #231 ) ;
#2286 = ORIENTED_EDGE ( 'NONE', *, *, #1144, .F. ) ;
#2287 = CARTESIAN_POINT ( 'NONE',  ( 6.407149999999998800, -2.564136948763400300, -1.539902446053583100 ) ) ;
#2288 = FACE_OUTER_BOUND ( 'NONE', #1401, .T. ) ;
#2289 = DIRECTION ( 'NONE',  ( 1.000000000000000000, 0.0000000000000000000, 0.0000000000000000000 ) ) ;
#2290 = ORIENTED_EDGE ( 'NONE', *, *, #110, .F. ) ;
#2291 = ORIENTED_EDGE ( 'NONE', *, *, #528, .T. ) ;
#2292 = EDGE_LOOP ( 'NONE', ( #1637, #1240, #2693, #2129, #1598, #629, #2381, #3096 ) ) ;
#2293 = CARTESIAN_POINT ( 'NONE',  ( 7.156449999999999500, -4.152905989688341600, -1.651000000000002900 ) ) ;
#2294 = ORIENTED_EDGE ( 'NONE', *, *, #1763, .F. ) ;
#2295 = EDGE_CURVE ( 'NONE', #2726, #3046, #349, .T. ) ;
#2296 = AXIS2_PLACEMENT_3D ( 'NONE', #1307, #3086, #854 ) ;
#2297 = ORIENTED_EDGE ( 'NONE', *, *, #1807, .F. ) ;
#2298 = DIRECTION ( 'NONE',  ( -0.9957851087622362500, 0.0000000000000000000, 0.09171704949125521200 ) ) ;
#2299 = LINE ( 'NONE', #1126, #1541 ) ;
#2300 = MANIFOLD_SOLID_BREP ( 'Tab', #2123 ) ;
#2301 = ORIENTED_EDGE ( 'NONE', *, *, #796, .T. ) ;
#2302 = LINE ( 'NONE', #1791, #2531 ) ;
#2303 = FACE_OUTER_BOUND ( 'NONE', #1584, .T. ) ;
#2304 = CARTESIAN_POINT ( 'NONE',  ( 0.0000000000000000000, 0.0000000000000000000, 0.0000000000000000000 ) ) ;
#2305 = DIRECTION ( 'NONE',  ( 0.0000000000000000000, -0.06975647374411947400, 0.9975640502598246400 ) ) ;
#2306 = SURFACE_STYLE_FILL_AREA ( #926 ) ;
#2307 = VECTOR ( 'NONE', #1300, 1000.000000000000000 ) ;
#2308 = CARTESIAN_POINT ( 'NONE',  ( 0.4445000000000001200, 8.458199999999999700, 3.429000000000000300 ) ) ;
#2309 = ORIENTED_EDGE ( 'NONE', *, *, #2295, .F. ) ;
#2310 = PRODUCT ( 'MIC29302WU', 'MIC29302WU', '', ( #3172 ) ) ;
#2311 = FACE_OUTER_BOUND ( 'NONE', #3121, .T. ) ;
#2312 = DIRECTION ( 'NONE',  ( 0.0000000000000000000, -0.9975640502598245300, 0.06975647374412133300 ) ) ;
#2313 = ORIENTED_EDGE ( 'NONE', *, *, #3066, .F. ) ;
#2314 = DIRECTION ( 'NONE',  ( 0.0000000000000000000, -8.537024980200819800E-016, 1.000000000000000000 ) ) ;
#2315 = EDGE_CURVE ( 'NONE', #1922, #525, #2780, .T. ) ;
#2316 = ORIENTED_EDGE ( 'NONE', *, *, #1733, .T. ) ;
#2317 = LINE ( 'NONE', #129, #887 ) ;
#2318 = DIRECTION ( 'NONE',  ( 0.0000000000000000000, 0.0000000000000000000, 1.000000000000000000 ) ) ;
#2319 = ADVANCED_FACE ( 'NONE', ( #1071 ), #937, .F. ) ;
#2320 = ORIENTED_EDGE ( 'NONE', *, *, #2682, .F. ) ;
#2321 = EDGE_CURVE ( 'NONE', #1076, #1294, #2188, .T. ) ;
#2322 = CARTESIAN_POINT ( 'NONE',  ( 1.396999999999999800, 1.301750000000000900, 3.429000000000000300 ) ) ;
#2323 = VECTOR ( 'NONE', #613, 1000.000000000000000 ) ;
#2324 = VERTEX_POINT ( 'NONE', #1201 ) ;
#2325 = CARTESIAN_POINT ( 'NONE',  ( 7.156449999999999500, -2.602230959075063000, -0.9951327182066916900 ) ) ;
#2326 = CARTESIAN_POINT ( 'NONE',  ( 2.051049999999999200, -6.266210372774345600E-016, 1.562100000000059300 ) ) ;
#2327 = DIRECTION ( 'NONE',  ( 0.0000000000000000000, -0.0000000000000000000, -1.000000000000000000 ) ) ;
#2328 = VERTEX_POINT ( 'NONE', #1222 ) ;
#2329 = DIRECTION ( 'NONE',  ( 1.000000000000000000, -0.0000000000000000000, 0.0000000000000000000 ) ) ;
#2330 = ORIENTED_EDGE ( 'NONE', *, *, #3012, .F. ) ;
#2331 = DIRECTION ( 'NONE',  ( 0.0000000000000000000, 0.06975647374412132000, 0.9975640502598245300 ) ) ;
#2332 = DIRECTION ( 'NONE',  ( 0.0000000000000000000, 0.0000000000000000000, 1.000000000000000000 ) ) ;
#2333 = ORIENTED_EDGE ( 'NONE', *, *, #487, .F. ) ;
#2334 = CARTESIAN_POINT ( 'NONE',  ( 2.051049999999999200, -1.002079768494316300, 0.5080000000000586300 ) ) ;
#2335 = ADVANCED_FACE ( 'NONE', ( #1350 ), #681, .T. ) ;
#2336 = DIRECTION ( 'NONE',  ( 1.000000000000000000, 0.0000000000000000000, 0.0000000000000000000 ) ) ;
#2337 = LINE ( 'NONE', #25, #635 ) ;
#2338 = DIRECTION ( 'NONE',  ( 0.0000000000000000000, -1.000000000000000000, -0.0000000000000000000 ) ) ;
#2339 = VERTEX_POINT ( 'NONE', #1964 ) ;
#2340 = CARTESIAN_POINT ( 'NONE',  ( 1.301749999999998900, -4.152905989688341600, -1.651000000000003100 ) ) ;
#2341 = EDGE_CURVE ( 'NONE', #1456, #1939, #1268, .T. ) ;
#2342 = AXIS2_PLACEMENT_3D ( 'NONE', #489, #2511, #761 ) ;
#2343 = LINE ( 'NONE', #3281, #1699 ) ;
#2344 = DIRECTION ( 'NONE',  ( 1.000000000000000000, -0.0000000000000000000, 0.0000000000000000000 ) ) ;
#2345 = FACE_OUTER_BOUND ( 'NONE', #3072, .T. ) ;
#2346 = VECTOR ( 'NONE', #2830, 1000.000000000000000 ) ;
#2347 = AXIS2_PLACEMENT_3D ( 'NONE', #2626, #615, #1859 ) ;
#2348 = CARTESIAN_POINT ( 'NONE',  ( -5.421010862427522200E-017, 9.906000000000000600, -1.397000000000000000 ) ) ;
#2349 = DIRECTION ( 'NONE',  ( 0.0000000000000000000, 0.0000000000000000000, 1.000000000000000000 ) ) ;
#2350 = CARTESIAN_POINT ( 'NONE',  ( 8.108950000000000100, -2.053612033873196500, 0.5815302989737373100 ) ) ;
#2351 = VECTOR ( 'NONE', #2478, 1000.000000000000000 ) ;
#2352 = ADVANCED_FACE ( 'NONE', ( #393 ), #3049, .F. ) ;
#2353 = VERTEX_POINT ( 'NONE', #9 ) ;
#2354 = DIRECTION ( 'NONE',  ( 1.000000000000000000, 0.0000000000000000000, 0.0000000000000000000 ) ) ;
#2355 = VERTEX_POINT ( 'NONE', #2044 ) ;
#2356 = CARTESIAN_POINT ( 'NONE',  ( 3.752850000000000000, 0.09467949703534367400, -1.353979888455918400 ) ) ;
#2357 = CLOSED_SHELL ( 'NONE', ( #3288, #1001, #1100, #2270, #807, #1263, #519, #1246, #2352, #2284, #313, #788, #2076, #1570 ) ) ;
#2358 = CARTESIAN_POINT ( 'NONE',  ( 0.0000000000000000000, 9.016999999999999500, 0.0000000000000000000 ) ) ;
#2359 = EDGE_CURVE ( 'NONE', #3054, #1959, #1227, .T. ) ;
#2360 = PRESENTATION_LAYER_ASSIGNMENT (  '', '', ( #870 ) ) ;
#2361 = VECTOR ( 'NONE', #1546, 1000.000000000000000 ) ;
#2362 = CARTESIAN_POINT ( 'NONE',  ( 0.0000000000000000000, 0.3492500000000006200, 3.429000000000000300 ) ) ;
#2363 = CARTESIAN_POINT ( 'NONE',  ( 2.051049999999999200, -0.1440352721723030200, 0.02084721044599177300 ) ) ;
#2364 = EDGE_LOOP ( 'NONE', ( #1563, #3177, #787, #18, #2207, #2721, #321, #1884, #3214, #2446, #1368, #3231 ) ) ;
#2365 = EDGE_CURVE ( 'NONE', #3168, #2898, #3018, .T. ) ;
#2366 = CARTESIAN_POINT ( 'NONE',  ( 2.051049999999999200, -2.564136948763400300, -1.539902446053583100 ) ) ;
#2367 =( NAMED_UNIT ( * ) SI_UNIT ( $, .STERADIAN. ) SOLID_ANGLE_UNIT ( ) );
#2368 = STYLED_ITEM ( 'NONE', ( #1625 ), #2164 ) ;
#2369 = ORIENTED_EDGE ( 'NONE', *, *, #2849, .F. ) ;
#2370 = ORIENTED_EDGE ( 'NONE', *, *, #3087, .F. ) ;
#2371 = DIRECTION ( 'NONE',  ( 1.000000000000000000, -0.0000000000000000000, 0.0000000000000000000 ) ) ;
#2372 = ADVANCED_FACE ( 'NONE', ( #1588 ), #2011, .F. ) ;
#2373 = EDGE_LOOP ( 'NONE', ( #774, #2984, #1095, #1537 ) ) ;
#2374 = CARTESIAN_POINT ( 'NONE',  ( 7.632700000000000700, 9.016999999999997700, -1.854440335642413900E-014 ) ) ;
#2375 = CARTESIAN_POINT ( 'NONE',  ( 7.632699999999999800, 9.016999999999999500, -1.397000000000000000 ) ) ;
#2376 = DIRECTION ( 'NONE',  ( 1.000000000000000000, 0.0000000000000000000, 0.0000000000000000000 ) ) ;
#2377 = DIRECTION ( 'NONE',  ( 1.000000000000000000, 0.0000000000000000000, 0.0000000000000000000 ) ) ;
#2378 = DIRECTION ( 'NONE',  ( 1.000000000000000000, 0.0000000000000000000, 0.0000000000000000000 ) ) ;
#2379 = EDGE_CURVE ( 'NONE', #112, #2878, #2383, .T. ) ;
#2380 = FACE_OUTER_BOUND ( 'NONE', #1723, .T. ) ;
#2381 = ORIENTED_EDGE ( 'NONE', *, *, #2253, .T. ) ;
#2382 = CARTESIAN_POINT ( 'NONE',  ( 2.051049999999999200, -4.152905989688341600, -1.651000000000002900 ) ) ;
#2383 = LINE ( 'NONE', #1015, #3056 ) ;
#2384 = LINE ( 'NONE', #1331, #2346 ) ;
#2385 = DIRECTION ( 'NONE',  ( -1.000000000000000000, 0.0000000000000000000, -0.0000000000000000000 ) ) ;
#2386 = EDGE_CURVE ( 'NONE', #2146, #2339, #560, .T. ) ;
#2387 = LINE ( 'NONE', #2736, #2623 ) ;
#2388 = DIRECTION ( 'NONE',  ( 0.0000000000000000000, -0.06975647374411907100, 0.9975640502598247500 ) ) ;
#2389 = LINE ( 'NONE', #3055, #3063 ) ;
#2390 = LINE ( 'NONE', #1627, #1554 ) ;
#2391 = DIRECTION ( 'NONE',  ( 0.0000000000000000000, -0.0000000000000000000, -1.000000000000000000 ) ) ;
#2392 = ORIENTED_EDGE ( 'NONE', *, *, #2833, .T. ) ;
#2393 = VECTOR ( 'NONE', #1753, 1000.000000000000100 ) ;
#2394 = CARTESIAN_POINT ( 'NONE',  ( 8.858250000000000000, -2.602230959075063000, -0.9951327182066916900 ) ) ;
#2395 = VERTEX_POINT ( 'NONE', #265 ) ;
#2396 = CARTESIAN_POINT ( 'NONE',  ( 0.0000000000000000000, 9.906000000000000600, -1.397000000000000000 ) ) ;
#2397 = EDGE_LOOP ( 'NONE', ( #1811, #2559, #675, #1084 ) ) ;
#2398 = EDGE_LOOP ( 'NONE', ( #2611, #2618, #491, #3249, #304, #3267, #325, #1214, #1050, #670, #3282, #281 ) ) ;
#2399 = CARTESIAN_POINT ( 'NONE',  ( 5.454649999999999100, 0.07904078947368624300, 1.562100000000059300 ) ) ;
#2400 = CIRCLE ( 'NONE', #1880, 0.5080000000000001200 ) ;
#2401 = CARTESIAN_POINT ( 'NONE',  ( 4.705349999999999300, -1.002079768494316800, 1.016000000000058900 ) ) ;
#2402 = ORIENTED_EDGE ( 'NONE', *, *, #1669, .T. ) ;
#2403 = EDGE_CURVE ( 'NONE', #1336, #2878, #78, .T. ) ;
#2404 = DIRECTION ( 'NONE',  ( 0.0000000000000000000, -0.06975647374411907100, 0.9975640502598247500 ) ) ;
#2405 = ORIENTED_EDGE ( 'NONE', *, *, #948, .T. ) ;
#2406 = CARTESIAN_POINT ( 'NONE',  ( 8.108950000000000100, -1.002079768494315700, 0.5080000000000588500 ) ) ;
#2407 = SURFACE_SIDE_STYLE ('',( #2979 ) ) ;
#2408 =( GEOMETRIC_REPRESENTATION_CONTEXT ( 3 ) GLOBAL_UNCERTAINTY_ASSIGNED_CONTEXT ( ( #636 ) ) GLOBAL_UNIT_ASSIGNED_CONTEXT ( ( #3291, #497, #2803 ) ) REPRESENTATION_CONTEXT ( 'NONE', 'WORKASPACE' ) );
#2409 = ORIENTED_EDGE ( 'NONE', *, *, #3107, .F. ) ;
#2410 = ORIENTED_EDGE ( 'NONE', *, *, #1933, .F. ) ;
#2411 = VERTEX_POINT ( 'NONE', #220 ) ;
#2412 = CARTESIAN_POINT ( 'NONE',  ( 2.051049999999999200, 0.0000000000000000000, 1.016000000000058900 ) ) ;
#2413 = LINE ( 'NONE', #2262, #346 ) ;
#2414 = ORIENTED_EDGE ( 'NONE', *, *, #1550, .F. ) ;
#2415 = CARTESIAN_POINT ( 'NONE',  ( 7.632699999999998900, 8.458199999999996200, 0.0000000000000000000 ) ) ;
#2416 = DIRECTION ( 'NONE',  ( -0.09171704949126686900, 0.0000000000000000000, -0.9957851087622351400 ) ) ;
#2417 = EDGE_CURVE ( 'NONE', #144, #2219, #602, .T. ) ;
#2418 = EDGE_CURVE ( 'NONE', #1818, #962, #513, .T. ) ;
#2419 = FACE_OUTER_BOUND ( 'NONE', #3206, .T. ) ;
#2420 = FILL_AREA_STYLE_COLOUR ( '', #1326 ) ;
#2421 = SURFACE_STYLE_USAGE ( .BOTH. , #3196 ) ;
#2422 = LINE ( 'NONE', #2181, #399 ) ;
#2423 = EDGE_CURVE ( 'NONE', #785, #2437, #2302, .T. ) ;
#2424 = PRESENTATION_LAYER_ASSIGNMENT (  '', '', ( #836 ) ) ;
#2425 = FACE_OUTER_BOUND ( 'NONE', #1134, .T. ) ;
#2426 = FACE_OUTER_BOUND ( 'NONE', #1820, .T. ) ;
#2427 = VERTEX_POINT ( 'NONE', #3038 ) ;
#2428 = DIRECTION ( 'NONE',  ( 0.0000000000000000000, 0.0000000000000000000, 1.000000000000000000 ) ) ;
#2429 = ORIENTED_EDGE ( 'NONE', *, *, #2359, .T. ) ;
#2430 =( NAMED_UNIT ( * ) SI_UNIT ( $, .STERADIAN. ) SOLID_ANGLE_UNIT ( ) );
#2431 = ORIENTED_EDGE ( 'NONE', *, *, #492, .F. ) ;
#2432 = LINE ( 'NONE', #1756, #815 ) ;
#2433 = DIRECTION ( 'NONE',  ( 1.000000000000000000, 0.0000000000000000000, 0.0000000000000000000 ) ) ;
#2434 = VERTEX_POINT ( 'NONE', #2770 ) ;
#2435 = LINE ( 'NONE', #2382, #1766 ) ;
#2436 = MANIFOLD_SOLID_BREP ( 'Housing', #450 ) ;
#2437 = VERTEX_POINT ( 'NONE', #2056 ) ;
#2438 = EDGE_CURVE ( 'NONE', #2216, #119, #2513, .T. ) ;
#2439 = ORIENTED_EDGE ( 'NONE', *, *, #1502, .F. ) ;
#2440 = DIRECTION ( 'NONE',  ( 0.0000000000000000000, -0.0000000000000000000, -1.000000000000000000 ) ) ;
#2441 = DIRECTION ( 'NONE',  ( 1.000000000000000000, -0.0000000000000000000, 0.0000000000000000000 ) ) ;
#2442 = VERTEX_POINT ( 'NONE', #759 ) ;
#2443 = CARTESIAN_POINT ( 'NONE',  ( 7.632699999999999800, 8.458199999999996200, 0.0000000000000000000 ) ) ;
#2444 = DIRECTION ( 'NONE',  ( 0.0000000000000000000, 0.06975647374412179100, 0.9975640502598245300 ) ) ;
#2445 = CARTESIAN_POINT ( 'NONE',  ( 0.0000000000000000000, 0.3492500000000001200, -1.397000000000000000 ) ) ;
#2446 = ORIENTED_EDGE ( 'NONE', *, *, #2476, .T. ) ;
#2447 = ORIENTED_EDGE ( 'NONE', *, *, #2706, .F. ) ;
#2448 = PLANE ( 'NONE',  #1319 ) ;
#2449 = LINE ( 'NONE', #1006, #2967 ) ;
#2450 = ORIENTED_EDGE ( 'NONE', *, *, #1783, .F. ) ;
#2451 = DIRECTION ( 'NONE',  ( 1.000000000000000000, -0.0000000000000000000, 0.0000000000000000000 ) ) ;
#2452 = LINE ( 'NONE', #910, #1589 ) ;
#2453 = CARTESIAN_POINT ( 'NONE',  ( 2.051049999999999200, -2.637667247737076200, -0.4883701806747018900 ) ) ;
#2454 = CARTESIAN_POINT ( 'NONE',  ( 1.301749999999999500, -1.586134982358195400, -0.5619004796483803000 ) ) ;
#2455 = FACE_OUTER_BOUND ( 'NONE', #1708, .T. ) ;
#2456 = EDGE_CURVE ( 'NONE', #3190, #2891, #2621, .T. ) ;
#2457 = COLOUR_RGB ( '',0.7921568627450980000, 0.8196078431372548800, 0.9333333333333333500 ) ;
#2458 = CIRCLE ( 'NONE', #777, 0.5079999999999997900 ) ;
#2459 = CARTESIAN_POINT ( 'NONE',  ( 5.454649999999999100, -4.191000000000002500, -1.106230272153112500 ) ) ;
#2460 = ORIENTED_EDGE ( 'NONE', *, *, #2254, .F. ) ;
#2461 = MECHANICAL_DESIGN_GEOMETRIC_PRESENTATION_REPRESENTATION (  '', ( #836 ), #896 ) ;
#2462 = VECTOR ( 'NONE', #2184, 1000.000000000000100 ) ;
#2463 = DIRECTION ( 'NONE',  ( 1.000000000000000000, 0.0000000000000000000, 0.0000000000000000000 ) ) ;
#2464 = VERTEX_POINT ( 'NONE', #1271 ) ;
#2465 = DIRECTION ( 'NONE',  ( -0.0000000000000000000, -0.0000000000000000000, 1.000000000000000000 ) ) ;
#2466 = ORIENTED_EDGE ( 'NONE', *, *, #1507, .F. ) ;
#2467 = CARTESIAN_POINT ( 'NONE',  ( 3.003549999999999700, 0.0000000000000000000, 0.0000000000000000000 ) ) ;
#2468 = ORIENTED_EDGE ( 'NONE', *, *, #2176, .F. ) ;
#2469 = VECTOR ( 'NONE', #3300, 1000.000000000000000 ) ;
#2470 = ORIENTED_EDGE ( 'NONE', *, *, #1972, .T. ) ;
#2471 = DIRECTION ( 'NONE',  ( -1.000000000000000000, 0.0000000000000000000, -0.0000000000000000000 ) ) ;
#2472 = DIRECTION ( 'NONE',  ( 1.000000000000000000, 0.0000000000000000000, 0.0000000000000000000 ) ) ;
#2473 = CARTESIAN_POINT ( 'NONE',  ( 5.454649999999999100, -4.152905989688340700, -1.651000000000002700 ) ) ;
#2474 = DIRECTION ( 'NONE',  ( 0.0000000000000000000, 0.0000000000000000000, 1.000000000000000000 ) ) ;
#2475 = EDGE_LOOP ( 'NONE', ( #1797, #2470, #822, #3197 ) ) ;
#2476 = EDGE_CURVE ( 'NONE', #756, #1473, #1843, .T. ) ;
#2477 = CARTESIAN_POINT ( 'NONE',  ( 8.858250000000000000, -1.508842306026307200, 0.5434362886620723900 ) ) ;
#2478 = DIRECTION ( 'NONE',  ( -1.000000000000000000, 0.0000000000000000000, -0.0000000000000000000 ) ) ;
#2479 = VERTEX_POINT ( 'NONE', #1024 ) ;
#2480 = EDGE_CURVE ( 'NONE', #690, #172, #211, .T. ) ;
#2481 = DIRECTION ( 'NONE',  ( 0.0000000000000000000, 0.0000000000000000000, 1.000000000000000000 ) ) ;
#2482 = VERTEX_POINT ( 'NONE', #768 ) ;
#2483 = CARTESIAN_POINT ( 'NONE',  ( 5.454649999999999100, -1.002079768494315900, 1.562100000000059100 ) ) ;
#2484 = ORIENTED_EDGE ( 'NONE', *, *, #550, .T. ) ;
#2485 = DIRECTION ( 'NONE',  ( 0.0000000000000000000, -0.06975647374412133300, -0.9975640502598245300 ) ) ;
#2486 = ORIENTED_EDGE ( 'NONE', *, *, #1339, .T. ) ;
#2487 = LINE ( 'NONE', #1516, #985 ) ;
#2488 = DIRECTION ( 'NONE',  ( 0.0000000000000000000, 0.9975640502598246400, 0.06975647374411955700 ) ) ;
#2489 = VECTOR ( 'NONE', #430, 1000.000000000000000 ) ;
#2490 = FACE_OUTER_BOUND ( 'NONE', #1043, .T. ) ;
#2491 = CARTESIAN_POINT ( 'NONE',  ( 7.156449999999999500, -4.191000000000002500, -1.106230272153112500 ) ) ;
#2492 = DIRECTION ( 'NONE',  ( 0.0000000000000000000, 0.0000000000000000000, 1.000000000000000000 ) ) ;
#2493 = DIRECTION ( 'NONE',  ( 0.0000000000000000000, 0.9975640502598245300, -0.06975647374412179100 ) ) ;
#2494 = DIRECTION ( 'NONE',  ( -1.000000000000000000, -0.0000000000000000000, -0.0000000000000000000 ) ) ;
#2495 = LINE ( 'NONE', #160, #401 ) ;
#2496 = VECTOR ( 'NONE', #835, 1000.000000000000000 ) ;
#2497 = EDGE_CURVE ( 'NONE', #633, #174, #2050, .T. ) ;
#2498 = DIRECTION ( 'NONE',  ( 1.000000000000000000, 0.0000000000000000000, 0.0000000000000000000 ) ) ;
#2499 = AXIS2_PLACEMENT_3D ( 'NONE', #2836, #1054, #1559 ) ;
#2500 = ORIENTED_EDGE ( 'NONE', *, *, #1920, .T. ) ;
#2501 = LINE ( 'NONE', #3139, #1157 ) ;
#2502 = ADVANCED_FACE ( 'NONE', ( #818 ), #310, .T. ) ;
#2503 = ORIENTED_EDGE ( 'NONE', *, *, #1445, .T. ) ;
#2504 = AXIS2_PLACEMENT_3D ( 'NONE', #1489, #3251, #743 ) ;
#2505 = CARTESIAN_POINT ( 'NONE',  ( 10.15999999999999500, 9.016999999999999500, -1.397000000000000700 ) ) ;
#2506 = CARTESIAN_POINT ( 'NONE',  ( 3.752850000000000000, -1.002079768494315900, 1.562100000000059100 ) ) ;
#2507 = DIRECTION ( 'NONE',  ( -1.000000000000000000, -0.0000000000000000000, -0.0000000000000000000 ) ) ;
#2508 = VERTEX_POINT ( 'NONE', #1342 ) ;
#2509 = LINE ( 'NONE', #2767, #1087 ) ;
#2510 = CARTESIAN_POINT ( 'NONE',  ( 0.0000000000000000000, 0.0000000000000000000, 1.016000000000059100 ) ) ;
#2511 = DIRECTION ( 'NONE',  ( -1.000000000000000000, -0.0000000000000000000, -0.0000000000000000000 ) ) ;
#2512 = VERTEX_POINT ( 'NONE', #50 ) ;
#2513 = LINE ( 'NONE', #1747, #894 ) ;
#2514 = ORIENTED_EDGE ( 'NONE', *, *, #2527, .T. ) ;
#2515 = CARTESIAN_POINT ( 'NONE',  ( 3.752850000000000000, -2.053612033873196500, 0.5815302989737373100 ) ) ;
#2516 = CARTESIAN_POINT ( 'NONE',  ( 10.16000000000000000, 0.0000000000000000000, 0.0000000000000000000 ) ) ;
#2517 = ORIENTED_EDGE ( 'NONE', *, *, #1366, .F. ) ;
#2518 = DIRECTION ( 'NONE',  ( 0.0000000000000000000, 0.0000000000000000000, 1.000000000000000000 ) ) ;
#2519 = DIRECTION ( 'NONE',  ( 1.000000000000000000, 0.0000000000000000000, 0.0000000000000000000 ) ) ;
#2520 = EDGE_CURVE ( 'NONE', #1064, #612, #2010, .T. ) ;
#2521 = EDGE_LOOP ( 'NONE', ( #2202, #153, #2669, #3289, #810, #850, #2132, #2794, #214, #868, #1178, #1418 ) ) ;
#2522 = CARTESIAN_POINT ( 'NONE',  ( 7.156449999999999500, -2.564136948763400300, -1.539902446053583100 ) ) ;
#2523 = ADVANCED_FACE ( 'NONE', ( #583 ), #1093, .F. ) ;
#2524 = DIRECTION ( 'NONE',  ( 1.000000000000000000, -0.0000000000000000000, 0.0000000000000000000 ) ) ;
#2525 = CARTESIAN_POINT ( 'NONE',  ( 8.108950000000000100, -1.002079768494316300, 0.5080000000000586300 ) ) ;
#2526 = ORIENTED_EDGE ( 'NONE', *, *, #1103, .T. ) ;
#2527 = EDGE_CURVE ( 'NONE', #2174, #2082, #2844, .T. ) ;
#2528 =( GEOMETRIC_REPRESENTATION_CONTEXT ( 3 ) GLOBAL_UNCERTAINTY_ASSIGNED_CONTEXT ( ( #871 ) ) GLOBAL_UNIT_ASSIGNED_CONTEXT ( ( #1686, #135, #1656 ) ) REPRESENTATION_CONTEXT ( 'NONE', 'WORKASPACE' ) );
#2529 = ORIENTED_EDGE ( 'NONE', *, *, #3107, .T. ) ;
#2530 = VECTOR ( 'NONE', #58, 1000.000000000000000 ) ;
#2531 = VECTOR ( 'NONE', #2264, 1000.000000000000000 ) ;
#2532 = PLANE ( 'NONE',  #1209 ) ;
#2533 = VECTOR ( 'NONE', #700, 1000.000000000000000 ) ;
#2534 = DIRECTION ( 'NONE',  ( 0.0000000000000000000, 0.06975647374411955700, -0.9975640502598246400 ) ) ;
#2535 = ADVANCED_FACE ( 'NONE', ( #249 ), #567, .F. ) ;
#2536 = LINE ( 'NONE', #3254, #2582 ) ;
#2537 = DIRECTION ( 'NONE',  ( 0.0000000000000000000, 0.0000000000000000000, 1.000000000000000000 ) ) ;
#2538 = ORIENTED_EDGE ( 'NONE', *, *, #2365, .T. ) ;
#2539 = EDGE_CURVE ( 'NONE', #704, #1076, #1373, .T. ) ;
#2540 = CARTESIAN_POINT ( 'NONE',  ( 8.108950000000000100, -0.1440352721723030200, 0.02084721044599177300 ) ) ;
#2541 = VECTOR ( 'NONE', #1891, 1000.000000000000000 ) ;
#2542 = VERTEX_POINT ( 'NONE', #2350 ) ;
#2543 = EDGE_CURVE ( 'NONE', #2082, #2222, #2799, .T. ) ;
#2544 = CARTESIAN_POINT ( 'NONE',  ( 0.0000000000000000000, 0.0000000000000000000, -1.397000000000179000 ) ) ;
#2545 = AXIS2_PLACEMENT_3D ( 'NONE', #703, #2268, #3270 ) ;
#2546 = ORIENTED_EDGE ( 'NONE', *, *, #2217, .T. ) ;
#2547 = CARTESIAN_POINT ( 'NONE',  ( 7.156449999999999500, 0.0000000000000000000, 1.016000000000059300 ) ) ;
#2548 = CARTESIAN_POINT ( 'NONE',  ( 3.752850000000000000, -2.564136948763400300, -1.539902446053583100 ) ) ;
#2549 = VECTOR ( 'NONE', #841, 1000.000000000000000 ) ;
#2550 = ORIENTED_EDGE ( 'NONE', *, *, #2953, .T. ) ;
#2551 = CARTESIAN_POINT ( 'NONE',  ( 8.108950000000000100, -1.586134982358195400, -0.5619004796483803000 ) ) ;
#2552 = LINE ( 'NONE', #834, #2209 ) ;
#2553 = CARTESIAN_POINT ( 'NONE',  ( 3.752850000000000000, -4.247585486723684400, -0.2970201115440862500 ) ) ;
#2554 = CARTESIAN_POINT ( 'NONE',  ( 1.301749999999999500, 1.355252715606882100E-017, 1.016000000000059300 ) ) ;
#2555 = EDGE_LOOP ( 'NONE', ( #1173, #1143, #862, #1704 ) ) ;
#2556 = DIRECTION ( 'NONE',  ( 0.0000000000000000000, 0.06975647374411470000, -0.9975640502598249700 ) ) ;
#2557 = ADVANCED_FACE ( 'NONE', ( #929 ), #2100, .F. ) ;
#2558 = CARTESIAN_POINT ( 'NONE',  ( 0.2222500000000123800, 1.696776399939814400E-014, 1.016000000000056400 ) ) ;
#2559 = ORIENTED_EDGE ( 'NONE', *, *, #509, .F. ) ;
#2560 = CARTESIAN_POINT ( 'NONE',  ( 8.858250000000000000, -1.002079768494316800, 1.016000000000058900 ) ) ;
#2561 = ORIENTED_EDGE ( 'NONE', *, *, #2030, .T. ) ;
#2562 = DIRECTION ( 'NONE',  ( -0.0000000000000000000, 1.000000000000000000, 0.0000000000000000000 ) ) ;
#2563 = ORIENTED_EDGE ( 'NONE', *, *, #2934, .F. ) ;
#2564 = DIRECTION ( 'NONE',  ( 1.000000000000000000, 0.0000000000000000000, 0.0000000000000000000 ) ) ;
#2565 = EDGE_CURVE ( 'NONE', #1808, #1775, #2642, .T. ) ;
#2566 =( GEOMETRIC_REPRESENTATION_CONTEXT ( 3 ) GLOBAL_UNCERTAINTY_ASSIGNED_CONTEXT ( ( #1701 ) ) GLOBAL_UNIT_ASSIGNED_CONTEXT ( ( #3120, #2091, #2605 ) ) REPRESENTATION_CONTEXT ( 'NONE', 'WORKASPACE' ) );
#2567 = PLANE ( 'NONE',  #3 ) ;
#2568 = EDGE_LOOP ( 'NONE', ( #712, #2286, #1138, #1571, #2897, #423 ) ) ;
#2569 = CARTESIAN_POINT ( 'NONE',  ( 8.858250000000000000, -2.053612033873196500, 0.5815302989737370900 ) ) ;
#2570 = LINE ( 'NONE', #366, #3094 ) ;
#2571 = ORIENTED_EDGE ( 'NONE', *, *, #627, .T. ) ;
#2572 = AXIS2_PLACEMENT_3D ( 'NONE', #3130, #2564, #2604 ) ;
#2573 = CARTESIAN_POINT ( 'NONE',  ( 8.858250000000000000, -5.421010862427522200E-017, 1.016000000000059100 ) ) ;
#2574 = DIRECTION ( 'NONE',  ( 0.0000000000000000000, 0.06975647374412179100, 0.9975640502598245300 ) ) ;
#2575 = ADVANCED_FACE ( 'NONE', ( #2130 ), #2079, .F. ) ;
#2576 = CARTESIAN_POINT ( 'NONE',  ( 1.301749999999999500, -1.002079768494315900, 1.562100000000058900 ) ) ;
#2577 = PLANE ( 'NONE',  #3023 ) ;
#2578 = FACE_OUTER_BOUND ( 'NONE', #3237, .T. ) ;
#2579 = FACE_OUTER_BOUND ( 'NONE', #266, .T. ) ;
#2580 = CARTESIAN_POINT ( 'NONE',  ( 0.0000000000000000000, 9.016999999999999500, -1.397000000000000000 ) ) ;
#2581 = ADVANCED_FACE ( 'NONE', ( #2887 ), #2577, .F. ) ;
#2582 = VECTOR ( 'NONE', #1965, 1000.000000000000000 ) ;
#2583 = CARTESIAN_POINT ( 'NONE',  ( 0.8254999999999994600, 1.301750000000000900, 3.175000000000000300 ) ) ;
#2584 = VECTOR ( 'NONE', #2811, 1000.000000000000000 ) ;
#2585 = VECTOR ( 'NONE', #2822, 1000.000000000000100 ) ;
#2586 = PLANE ( 'NONE',  #382 ) ;
#2587 = ORIENTED_EDGE ( 'NONE', *, *, #2520, .F. ) ;
#2588 = CARTESIAN_POINT ( 'NONE',  ( 8.788400000000001100, 10.71879999999999600, 0.0000000000000000000 ) ) ;
#2589 = VECTOR ( 'NONE', #2648, 1000.000000000000100 ) ;
#2590 = EDGE_CURVE ( 'NONE', #1004, #1808, #1967, .T. ) ;
#2591 = EDGE_CURVE ( 'NONE', #418, #2136, #2435, .T. ) ;
#2592 = EDGE_LOOP ( 'NONE', ( #2646, #1490, #1281, #1730, #3194, #846, #976, #816, #2755, #940, #156, #494 ) ) ;
#2593 = DIRECTION ( 'NONE',  ( 0.0000000000000000000, -0.06975647374411947400, 0.9975640502598246400 ) ) ;
#2594 = SURFACE_STYLE_FILL_AREA ( #902 ) ;
#2595 = VERTEX_POINT ( 'NONE', #2374 ) ;
#2596 = EDGE_CURVE ( 'NONE', #2172, #1160, #175, .T. ) ;
#2597 = LINE ( 'NONE', #966, #246 ) ;
#2598 = ORIENTED_EDGE ( 'NONE', *, *, #2763, .F. ) ;
#2599 = CARTESIAN_POINT ( 'NONE',  ( 0.0000000000000000000, 9.016999999999999500, -1.397000000000000000 ) ) ;
#2600 = ADVANCED_FACE ( 'NONE', ( #2288 ), #86, .T. ) ;
#2601 = VECTOR ( 'NONE', #1355, 1000.000000000000000 ) ;
#2602 = CARTESIAN_POINT ( 'NONE',  ( 2.168404344971008900E-016, 9.906000000000002400, 0.0000000000000000000 ) ) ;
#2603 = VERTEX_POINT ( 'NONE', #2889 ) ;
#2604 = DIRECTION ( 'NONE',  ( 0.0000000000000000000, 1.707404996040165200E-015, 1.000000000000000000 ) ) ;
#2605 =( NAMED_UNIT ( * ) SI_UNIT ( $, .STERADIAN. ) SOLID_ANGLE_UNIT ( ) );
#2606 = ORIENTED_EDGE ( 'NONE', *, *, #1920, .F. ) ;
#2607 = PLANE ( 'NONE',  #1675 ) ;
#2608 = ORIENTED_EDGE ( 'NONE', *, *, #724, .F. ) ;
#2609 = EDGE_CURVE ( 'NONE', #2694, #767, #140, .T. ) ;
#2610 = PLANE ( 'NONE',  #1370 ) ;
#2611 = ORIENTED_EDGE ( 'NONE', *, *, #3059, .T. ) ;
#2612 = CARTESIAN_POINT ( 'NONE',  ( 2.527300000000014500, 3.922840587720303600E-015, 0.0000000000000000000 ) ) ;
#2613 = ORIENTED_EDGE ( 'NONE', *, *, #63, .T. ) ;
#2614 = EDGE_CURVE ( 'NONE', #51, #2482, #2173, .T. ) ;
#2615 = AXIS2_PLACEMENT_3D ( 'NONE', #2075, #1812, #34 ) ;
#2616 = ADVANCED_FACE ( 'NONE', ( #16 ), #1872, .F. ) ;
#2617 = CIRCLE ( 'NONE', #1367, 1.054100000000000000 ) ;
#2618 = ORIENTED_EDGE ( 'NONE', *, *, #2235, .T. ) ;
#2619 = DIRECTION ( 'NONE',  ( 0.0000000000000000000, -1.000000000000000000, -2.163903925761482300E-016 ) ) ;
#2620 = FILL_AREA_STYLE_COLOUR ( '', #2118 ) ;
#2621 = LINE ( 'NONE', #2276, #2718 ) ;
#2622 = CIRCLE ( 'NONE', #1958, 0.5079999999999997900 ) ;
#2623 = VECTOR ( 'NONE', #2231, 1000.000000000000000 ) ;
#2624 = CARTESIAN_POINT ( 'NONE',  ( 8.191500000000001300, 0.0000000000000000000, -1.397000000000000000 ) ) ;
#2625 = FACE_OUTER_BOUND ( 'NONE', #2647, .T. ) ;
#2626 = CARTESIAN_POINT ( 'NONE',  ( 0.0000000000000000000, 9.016999999999999500, -1.397000000000000000 ) ) ;
#2627 = DIRECTION ( 'NONE',  ( 0.0000000000000000000, -0.9975640502598246400, -0.06975647374411962600 ) ) ;
#2628 = LINE ( 'NONE', #647, #274 ) ;
#2629 = CARTESIAN_POINT ( 'NONE',  ( 5.454649999999999100, -1.002079768494316300, 0.5080000000000586300 ) ) ;
#2630 = FACE_OUTER_BOUND ( 'NONE', #1137, .T. ) ;
#2631 = CARTESIAN_POINT ( 'NONE',  ( 8.858250000000000000, -4.152905989688340700, -1.651000000000002500 ) ) ;
#2632 = CARTESIAN_POINT ( 'NONE',  ( 7.156449999999999500, -2.130904710205084700, -0.5238064693367141500 ) ) ;
#2633 = FACE_OUTER_BOUND ( 'NONE', #1343, .T. ) ;
#2634 = VERTEX_POINT ( 'NONE', #2366 ) ;
#2635 = PLANE ( 'NONE',  #688 ) ;
#2636 = ORIENTED_EDGE ( 'NONE', *, *, #1827, .T. ) ;
#2637 = CARTESIAN_POINT ( 'NONE',  ( 10.16000000000000000, 9.906000000000000600, -1.397000000000000000 ) ) ;
#2638 = EDGE_CURVE ( 'NONE', #1171, #3168, #661, .T. ) ;
#2639 = LINE ( 'NONE', #354, #2003 ) ;
#2640 = CARTESIAN_POINT ( 'NONE',  ( 4.705349999999999300, 0.07904078947368625700, 1.562100000000059300 ) ) ;
#2641 = ORIENTED_EDGE ( 'NONE', *, *, #702, .F. ) ;
#2642 = LINE ( 'NONE', #2362, #782 ) ;
#2643 = CARTESIAN_POINT ( 'NONE',  ( 8.788399999999999300, 10.71879999999999800, -1.397000000000000000 ) ) ;
#2644 = CARTESIAN_POINT ( 'NONE',  ( 9.715499999999998700, 9.016999999999999500, 3.429000000000000300 ) ) ;
#2645 = PRESENTATION_LAYER_ASSIGNMENT (  '', '', ( #2368 ) ) ;
#2646 = ORIENTED_EDGE ( 'NONE', *, *, #722, .T. ) ;
#2647 = EDGE_LOOP ( 'NONE', ( #1904, #1176, #1973, #49 ) ) ;
#2648 = DIRECTION ( 'NONE',  ( 0.0000000000000000000, -0.9975640502598246400, -0.06975647374411905700 ) ) ;
#2649 = PRODUCT_DEFINITION_CONTEXT ( 'detailed design', #643, 'design' ) ;
#2650 = DIRECTION ( 'NONE',  ( 0.0000000000000000000, 0.0000000000000000000, -1.000000000000000000 ) ) ;
#2651 = ORIENTED_EDGE ( 'NONE', *, *, #1933, .T. ) ;
#2652 = ORIENTED_EDGE ( 'NONE', *, *, #2682, .T. ) ;
#2653 = FILL_AREA_STYLE ('',( #874 ) ) ;
#2654 = CARTESIAN_POINT ( 'NONE',  ( 4.705349999999998400, -4.152905989688341600, -1.651000000000003100 ) ) ;
#2655 = DIRECTION ( 'NONE',  ( 0.0000000000000000000, -1.000000000000000000, 0.0000000000000000000 ) ) ;
#2656 = EDGE_CURVE ( 'NONE', #1294, #1631, #2552, .T. ) ;
#2657 = LINE ( 'NONE', #2013, #1903 ) ;
#2658 = ORIENTED_EDGE ( 'NONE', *, *, #997, .F. ) ;
#2659 = VECTOR ( 'NONE', #462, 1000.000000000000000 ) ;
#2660 = EDGE_CURVE ( 'NONE', #928, #3168, #623, .T. ) ;
#2661 = AXIS2_PLACEMENT_3D ( 'NONE', #3280, #772, #267 ) ;
#2662 = LINE ( 'NONE', #3174, #837 ) ;
#2663 = CARTESIAN_POINT ( 'NONE',  ( 2.051049999999999200, -4.152905989688340700, -1.651000000000002700 ) ) ;
#2664 = DIRECTION ( 'NONE',  ( 0.0000000000000000000, -0.06975647374412133300, -0.9975640502598245300 ) ) ;
#2665 = SURFACE_STYLE_FILL_AREA ( #3076 ) ;
#2666 = MECHANICAL_DESIGN_GEOMETRIC_PRESENTATION_REPRESENTATION (  '', ( #1238 ), #2771 ) ;
#2667 = CARTESIAN_POINT ( 'NONE',  ( 0.0000000000000000000, 3.860799999999998500, 0.0000000000000000000 ) ) ;
#2668 = CARTESIAN_POINT ( 'NONE',  ( 5.454649999999999100, -4.152905989688340700, -1.651000000000002500 ) ) ;
#2669 = ORIENTED_EDGE ( 'NONE', *, *, #1344, .T. ) ;
#2670 = VECTOR ( 'NONE', #1737, 1000.000000000000000 ) ;
#2671 = ORIENTED_EDGE ( 'NONE', *, *, #1801, .F. ) ;
#2672 =( NAMED_UNIT ( * ) PLANE_ANGLE_UNIT ( ) SI_UNIT ( $, .RADIAN. ) );
#2673 = ORIENTED_EDGE ( 'NONE', *, *, #1144, .T. ) ;
#2674 = DIRECTION ( 'NONE',  ( 0.0000000000000000000, 0.06975647374412132000, 0.9975640502598245300 ) ) ;
#2675 = CARTESIAN_POINT ( 'NONE',  ( 8.858250000000000000, -2.564136948763400300, -1.539902446053583100 ) ) ;
#2676 = VECTOR ( 'NONE', #1633, 1000.000000000000000 ) ;
#2677 = EDGE_LOOP ( 'NONE', ( #2920, #1208 ) ) ;
#2678 = CARTESIAN_POINT ( 'NONE',  ( 3.752850000000000000, -2.602230959075063000, -0.9951327182066916900 ) ) ;
#2679 = VECTOR ( 'NONE', #262, 1000.000000000000100 ) ;
#2680 = CARTESIAN_POINT ( 'NONE',  ( 2.051049999999999200, 0.05658548672368050900, -0.8092101606090257300 ) ) ;
#2681 = ORIENTED_EDGE ( 'NONE', *, *, #1613, .T. ) ;
#2682 = EDGE_CURVE ( 'NONE', #954, #364, #1606, .T. ) ;
#2683 = AXIS2_PLACEMENT_3D ( 'NONE', #3287, #1531, #1045 ) ;
#2684 = VECTOR ( 'NONE', #873, 1000.000000000000100 ) ;
#2685 = ORIENTED_EDGE ( 'NONE', *, *, #2217, .F. ) ;
#2686 = CARTESIAN_POINT ( 'NONE',  ( 5.454649999999999100, -2.053612033873196500, 0.5815302989737370900 ) ) ;
#2687 = CARTESIAN_POINT ( 'NONE',  ( 0.0000000000000000000, 8.458199999999996200, 0.0000000000000000000 ) ) ;
#2688 = AXIS2_PLACEMENT_3D ( 'NONE', #781, #275, #1535 ) ;
#2689 = ORIENTED_EDGE ( 'NONE', *, *, #664, .F. ) ;
#2690 = CARTESIAN_POINT ( 'NONE',  ( 2.051049999999999200, -2.053612033873196500, 0.5815302989737370900 ) ) ;
#2691 = VERTEX_POINT ( 'NONE', #113 ) ;
#2692 = CARTESIAN_POINT ( 'NONE',  ( 0.0000000000000000000, 0.0000000000000000000, 0.0000000000000000000 ) ) ;
#2693 = ORIENTED_EDGE ( 'NONE', *, *, #664, .T. ) ;
#2694 = VERTEX_POINT ( 'NONE', #1886 ) ;
#2695 = ORIENTED_EDGE ( 'NONE', *, *, #290, .T. ) ;
#2696 = DIRECTION ( 'NONE',  ( 0.0000000000000000000, 0.0000000000000000000, 1.000000000000000000 ) ) ;
#2697 = PLANE ( 'NONE',  #875 ) ;
#2698 = VECTOR ( 'NONE', #2230, 1000.000000000000000 ) ;
#2699 = VERTEX_POINT ( 'NONE', #1119 ) ;
#2700 = DIRECTION ( 'NONE',  ( 0.0000000000000000000, -0.06975647374412133300, -0.9975640502598245300 ) ) ;
#2701 = EDGE_CURVE ( 'NONE', #3116, #1004, #1090, .T. ) ;
#2702 = VECTOR ( 'NONE', #2674, 1000.000000000000000 ) ;
#2703 = VECTOR ( 'NONE', #2981, 1000.000000000000000 ) ;
#2704 = CARTESIAN_POINT ( 'NONE',  ( 9.715499999999998700, 8.458199999999999700, 3.429000000000000300 ) ) ;
#2705 = CIRCLE ( 'NONE', #2707, 1.054100000000000000 ) ;
#2706 = EDGE_CURVE ( 'NONE', #375, #3079, #740, .T. ) ;
#2707 = AXIS2_PLACEMENT_3D ( 'NONE', #1399, #2433, #2696 ) ;
#2708 = DIRECTION ( 'NONE',  ( 0.0000000000000000000, 0.9975640502598246400, 0.06975647374411955700 ) ) ;
#2709 = VECTOR ( 'NONE', #2808, 1000.000000000000000 ) ;
#2710 = ORIENTED_EDGE ( 'NONE', *, *, #3020, .T. ) ;
#2711 = CARTESIAN_POINT ( 'NONE',  ( 3.752850000000000000, -4.152905989688341600, -1.651000000000002900 ) ) ;
#2712 = ORIENTED_EDGE ( 'NONE', *, *, #2829, .F. ) ;
#2713 = ORIENTED_EDGE ( 'NONE', *, *, #1674, .T. ) ;
#2714 = LINE ( 'NONE', #913, #1127 ) ;
#2715 = DIRECTION ( 'NONE',  ( 0.0000000000000000000, 0.06975647374412179100, 0.9975640502598245300 ) ) ;
#2716 = CARTESIAN_POINT ( 'NONE',  ( 0.0000000000000000000, 0.0000000000000000000, -1.397000000000000000 ) ) ;
#2717 = ORIENTED_EDGE ( 'NONE', *, *, #1383, .T. ) ;
#2718 = VECTOR ( 'NONE', #1512, 1000.000000000000000 ) ;
#2719 = ORIENTED_EDGE ( 'NONE', *, *, #528, .F. ) ;
#2720 = EDGE_CURVE ( 'NONE', #286, #965, #1285, .T. ) ;
#2721 = ORIENTED_EDGE ( 'NONE', *, *, #1827, .F. ) ;
#2722 = DIRECTION ( 'NONE',  ( 0.5098023903017332400, -0.8602915336341741000, 0.0000000000000000000 ) ) ;
#2723 = VERTEX_POINT ( 'NONE', #3156 ) ;
#2724 = CARTESIAN_POINT ( 'NONE',  ( 7.156449999999999500, 0.07904078947368624300, 1.562100000000059300 ) ) ;
#2725 = DIRECTION ( 'NONE',  ( 0.0000000000000000000, 0.0000000000000000000, 1.000000000000000000 ) ) ;
#2726 = VERTEX_POINT ( 'NONE', #2882 ) ;
#2727 = PLANE ( 'NONE',  #1529 ) ;
#2728 = ORIENTED_EDGE ( 'NONE', *, *, #2254, .T. ) ;
#2729 = DIRECTION ( 'NONE',  ( 0.0000000000000000000, -1.000000000000000000, 0.0000000000000000000 ) ) ;
#2730 = VECTOR ( 'NONE', #1729, 1000.000000000000000 ) ;
#2731 = VERTEX_POINT ( 'NONE', #1863 ) ;
#2732 = DIRECTION ( 'NONE',  ( -0.8602915336341752100, 0.5098023903017313600, 0.0000000000000000000 ) ) ;
#2733 = PLANE ( 'NONE',  #771 ) ;
#2734 = LINE ( 'NONE', #3017, #1738 ) ;
#2735 = DIRECTION ( 'NONE',  ( 0.0000000000000000000, -2.163903925761482300E-016, 1.000000000000000000 ) ) ;
#2736 = CARTESIAN_POINT ( 'NONE',  ( 6.407149999999999700, -2.084085915805831100, 0.1457334839086657200 ) ) ;
#2737 = CARTESIAN_POINT ( 'NONE',  ( 8.858250000000000000, -1.508842306026307200, 0.5434362886620723900 ) ) ;
#2738 = EDGE_CURVE ( 'NONE', #2603, #2750, #1486, .T. ) ;
#2739 = AXIS2_PLACEMENT_3D ( 'NONE', #696, #2729, #3227 ) ;
#2740 = FACE_OUTER_BOUND ( 'NONE', #2120, .T. ) ;
#2741 = CARTESIAN_POINT ( 'NONE',  ( -4.344560406091372500, 7.331445685279184100, -1.397000000000000000 ) ) ;
#2742 = ORIENTED_EDGE ( 'NONE', *, *, #1188, .F. ) ;
#2743 = UNCERTAINTY_MEASURE_WITH_UNIT (LENGTH_MEASURE( 1.000000000000000100E-005 ), #2153, 'distance_accuracy_value', 'NONE');
#2744 = VECTOR ( 'NONE', #1254, 1000.000000000000100 ) ;
#2745 = DIRECTION ( 'NONE',  ( 0.0000000000000000000, -0.06975647374411947400, 0.9975640502598246400 ) ) ;
#2746 = CARTESIAN_POINT ( 'NONE',  ( 3.752850000000000000, -2.564136948763400300, -1.539902446053583100 ) ) ;
#2747 = VERTEX_POINT ( 'NONE', #2912 ) ;
#2748 = DIRECTION ( 'NONE',  ( 0.0000000000000000000, -1.000000000000000000, -2.163903925761482300E-016 ) ) ;
#2749 = LINE ( 'NONE', #3260, #730 ) ;
#2750 = VERTEX_POINT ( 'NONE', #2631 ) ;
#2751 = DIRECTION ( 'NONE',  ( 1.000000000000000000, 0.0000000000000000000, 0.0000000000000000000 ) ) ;
#2752 = ORIENTED_EDGE ( 'NONE', *, *, #2875, .T. ) ;
#2753 = CARTESIAN_POINT ( 'NONE',  ( 7.156449999999999500, -2.564136948763400300, -1.539902446053583100 ) ) ;
#2754 = VECTOR ( 'NONE', #37, 1000.000000000000000 ) ;
#2755 = ORIENTED_EDGE ( 'NONE', *, *, #308, .T. ) ;
#2756 = DIRECTION ( 'NONE',  ( 1.552186360036513800E-015, 1.000000000000000000, 0.0000000000000000000 ) ) ;
#2757 = EDGE_LOOP ( 'NONE', ( #3050, #1842, #3215, #2809 ) ) ;
#2758 = EDGE_CURVE ( 'NONE', #1922, #3242, #2094, .T. ) ;
#2759 = EDGE_CURVE ( 'NONE', #71, #134, #1333, .T. ) ;
#2760 = ADVANCED_FACE ( 'NONE', ( #1680 ), #3123, .F. ) ;
#2761 = CARTESIAN_POINT ( 'NONE',  ( 5.454649999999999100, -2.637667247737076200, -0.4883701806747018900 ) ) ;
#2762 = ORIENTED_EDGE ( 'NONE', *, *, #3195, .T. ) ;
#2763 = EDGE_CURVE ( 'NONE', #149, #2246, #3283, .T. ) ;
#2764 = AXIS2_PLACEMENT_3D ( 'NONE', #2223, #1953, #2725 ) ;
#2765 = DIRECTION ( 'NONE',  ( 0.0000000000000000000, 0.06975647374412179100, 0.9975640502598245300 ) ) ;
#2766 = VERTEX_POINT ( 'NONE', #3166 ) ;
#2767 = CARTESIAN_POINT ( 'NONE',  ( 5.454649999999999100, -1.508842306026307200, 0.5434362886620723900 ) ) ;
#2768 = DIRECTION ( 'NONE',  ( -1.000000000000000000, -0.0000000000000000000, -0.0000000000000000000 ) ) ;
#2769 = ORIENTED_EDGE ( 'NONE', *, *, #1163, .F. ) ;
#2770 = CARTESIAN_POINT ( 'NONE',  ( 3.752850000000000000, -5.706327223607973000E-017, 1.016000000000059100 ) ) ;
#2771 =( GEOMETRIC_REPRESENTATION_CONTEXT ( 3 ) GLOBAL_UNCERTAINTY_ASSIGNED_CONTEXT ( ( #2743 ) ) GLOBAL_UNIT_ASSIGNED_CONTEXT ( ( #2153, #634, #2430 ) ) REPRESENTATION_CONTEXT ( 'NONE', 'WORKASPACE' ) );
#2772 = ORIENTED_EDGE ( 'NONE', *, *, #856, .F. ) ;
#2773 = DIRECTION ( 'NONE',  ( 1.000000000000000000, 0.0000000000000000000, 0.0000000000000000000 ) ) ;
#2774 = ORIENTED_EDGE ( 'NONE', *, *, #1712, .T. ) ;
#2775 = DIRECTION ( 'NONE',  ( 0.0000000000000000000, 0.06975647374412179100, 0.9975640502598245300 ) ) ;
#2776 = CARTESIAN_POINT ( 'NONE',  ( 2.051049999999999200, -2.130904710205084700, -0.5238064693367141500 ) ) ;
#2777 = VECTOR ( 'NONE', #2472, 1000.000000000000000 ) ;
#2778 = DIRECTION ( 'NONE',  ( 0.0000000000000000000, -0.06975647374411907100, 0.9975640502598247500 ) ) ;
#2779 = ADVANCED_FACE ( 'NONE', ( #1885 ), #2101, .F. ) ;
#2780 = LINE ( 'NONE', #2211, #229 ) ;
#2781 = FACE_OUTER_BOUND ( 'NONE', #978, .T. ) ;
#2782 = DIRECTION ( 'NONE',  ( -0.0000000000000000000, 0.9975640502598246400, 0.06975647374411947400 ) ) ;
#2783 = DIRECTION ( 'NONE',  ( 1.000000000000000000, 0.0000000000000000000, 0.0000000000000000000 ) ) ;
#2784 = DIRECTION ( 'NONE',  ( 0.0000000000000000000, 0.1432442247327341300, 0.9896873708806825900 ) ) ;
#2785 = FACE_OUTER_BOUND ( 'NONE', #1932, .T. ) ;
#2786 = CIRCLE ( 'NONE', #20, 0.5080000000000001200 ) ;
#2787 = CARTESIAN_POINT ( 'NONE',  ( 4.705349999999998400, -2.602230959075063000, -0.9951327182066916900 ) ) ;
#2788 = VECTOR ( 'NONE', #1853, 1000.000000000000000 ) ;
#2789 = EDGE_CURVE ( 'NONE', #2924, #1759, #1448, .T. ) ;
#2790 = DIRECTION ( 'NONE',  ( 1.000000000000000000, 0.0000000000000000000, 0.0000000000000000000 ) ) ;
#2791 = LINE ( 'NONE', #1232, #2911 ) ;
#2792 = LINE ( 'NONE', #1141, #769 ) ;
#2793 = CARTESIAN_POINT ( 'NONE',  ( 3.003549999999999700, -2.564136948763400300, -1.539902446053583100 ) ) ;
#2794 = ORIENTED_EDGE ( 'NONE', *, *, #1249, .T. ) ;
#2795 = AXIS2_PLACEMENT_3D ( 'NONE', #1779, #15, #2077 ) ;
#2796 = DIRECTION ( 'NONE',  ( -0.0000000000000000000, -1.000000000000000000, -0.0000000000000000000 ) ) ;
#2797 = ORIENTED_EDGE ( 'NONE', *, *, #724, .T. ) ;
#2798 = ORIENTED_EDGE ( 'NONE', *, *, #790, .F. ) ;
#2799 = LINE ( 'NONE', #29, #3202 ) ;
#2800 = ORIENTED_EDGE ( 'NONE', *, *, #2565, .T. ) ;
#2801 = CARTESIAN_POINT ( 'NONE',  ( 1.301749999999999100, 0.09467949703534367400, -1.353979888455918400 ) ) ;
#2802 = ORIENTED_EDGE ( 'NONE', *, *, #2066, .T. ) ;
#2803 =( NAMED_UNIT ( * ) SI_UNIT ( $, .STERADIAN. ) SOLID_ANGLE_UNIT ( ) );
#2804 = EDGE_CURVE ( 'NONE', #1805, #2699, #2956, .T. ) ;
#2805 = AXIS2_PLACEMENT_3D ( 'NONE', #1469, #2239, #2481 ) ;
#2806 = VERTEX_POINT ( 'NONE', #2989 ) ;
#2807 = CARTESIAN_POINT ( 'NONE',  ( 2.051049999999999200, -2.198526388573793300E-016, 1.016000000000059100 ) ) ;
#2808 = DIRECTION ( 'NONE',  ( 1.000000000000000000, -0.0000000000000000000, 0.0000000000000000000 ) ) ;
#2809 = ORIENTED_EDGE ( 'NONE', *, *, #2321, .T. ) ;
#2810 = STYLED_ITEM ( 'NONE', ( #1147 ), #2300 ) ;
#2811 = DIRECTION ( 'NONE',  ( 0.0000000000000000000, 1.000000000000000000, 4.011401557374117600E-016 ) ) ;
#2812 = DIRECTION ( 'NONE',  ( -1.000000000000000000, -0.0000000000000000000, -0.0000000000000000000 ) ) ;
#2813 = ADVANCED_FACE ( 'NONE', ( #1928 ), #210, .F. ) ;
#2814 = ORIENTED_EDGE ( 'NONE', *, *, #2023, .F. ) ;
#2815 = DIRECTION ( 'NONE',  ( 1.000000000000000000, 0.0000000000000000000, -0.0000000000000000000 ) ) ;
#2816 = LINE ( 'NONE', #538, #1780 ) ;
#2817 = DIRECTION ( 'NONE',  ( 0.0000000000000000000, 0.9975640502598246400, 0.06975647374411900200 ) ) ;
#2818 = ORIENTED_EDGE ( 'NONE', *, *, #1851, .F. ) ;
#2819 = CARTESIAN_POINT ( 'NONE',  ( 10.16000000000000000, 9.016999999999999500, 0.0000000000000000000 ) ) ;
#2820 = DIRECTION ( 'NONE',  ( 1.552186360036513800E-015, 1.000000000000000000, 0.0000000000000000000 ) ) ;
#2821 = LINE ( 'NONE', #2988, #2730 ) ;
#2822 = DIRECTION ( 'NONE',  ( -0.09053277165464485000, 0.1601807346101254400, -0.9829272351076088200 ) ) ;
#2823 = CARTESIAN_POINT ( 'NONE',  ( 8.108950000000000100, -6.266210372774345600E-016, 1.562100000000059300 ) ) ;
#2824 = PRESENTATION_STYLE_ASSIGNMENT (( #1549 ) ) ;
#2825 = DIRECTION ( 'NONE',  ( 0.0000000000000000000, 1.000000000000000000, 4.011401557374117600E-016 ) ) ;
#2826 = LINE ( 'NONE', #672, #2533 ) ;
#2827 = CARTESIAN_POINT ( 'NONE',  ( 7.632699999999999800, 8.458199999999996200, 0.0000000000000000000 ) ) ;
#2828 = ORIENTED_EDGE ( 'NONE', *, *, #184, .T. ) ;
#2829 = EDGE_CURVE ( 'NONE', #706, #2411, #2509, .T. ) ;
#2830 = DIRECTION ( 'NONE',  ( 0.0000000000000000000, 1.000000000000000000, 4.011401557374117600E-016 ) ) ;
#2831 = VECTOR ( 'NONE', #1555, 1000.000000000000100 ) ;
#2832 = ORIENTED_EDGE ( 'NONE', *, *, #2379, .F. ) ;
#2833 = EDGE_CURVE ( 'NONE', #2018, #1203, #2597, .T. ) ;
#2834 = AXIS2_PLACEMENT_3D ( 'NONE', #2009, #2274, #2518 ) ;
#2835 = VERTEX_POINT ( 'NONE', #717 ) ;
#2836 = CARTESIAN_POINT ( 'NONE',  ( 4.705349999999999300, -2.637667247737075300, -0.4883701806747005600 ) ) ;
#2837 = CARTESIAN_POINT ( 'NONE',  ( 2.527300000000001200, 8.458199999999996200, -1.810617628050792400E-014 ) ) ;
#2838 = ADVANCED_FACE ( 'NONE', ( #2090 ), #1720, .F. ) ;
#2839 = ORIENTED_EDGE ( 'NONE', *, *, #1462, .F. ) ;
#2840 = DIRECTION ( 'NONE',  ( 0.0000000000000000000, 0.0000000000000000000, -1.000000000000000000 ) ) ;
#2841 = LINE ( 'NONE', #1091, #1245 ) ;
#2842 = DIRECTION ( 'NONE',  ( 1.000000000000000000, 0.0000000000000000000, 0.0000000000000000000 ) ) ;
#2843 = ORIENTED_EDGE ( 'NONE', *, *, #2386, .F. ) ;
#2844 = LINE ( 'NONE', #38, #101 ) ;
#2845 = CARTESIAN_POINT ( 'NONE',  ( 10.15999999999999500, 0.3492500000000001200, -1.397000000000000700 ) ) ;
#2846 = ORIENTED_EDGE ( 'NONE', *, *, #1292, .F. ) ;
#2847 = ORIENTED_EDGE ( 'NONE', *, *, #1596, .F. ) ;
#2848 = DIRECTION ( 'NONE',  ( 0.0000000000000000000, -0.06975647374411947400, 0.9975640502598246400 ) ) ;
#2849 = EDGE_CURVE ( 'NONE', #2634, #2355, #1482, .T. ) ;
#2850 = CARTESIAN_POINT ( 'NONE',  ( 3.752850000000000000, -0.1440352721723030200, 0.02084721044599177300 ) ) ;
#2851 = ORIENTED_EDGE ( 'NONE', *, *, #833, .F. ) ;
#2852 = CARTESIAN_POINT ( 'NONE',  ( 3.752850000000000000, -1.508842306026307200, 0.5434362886620723900 ) ) ;
#2853 = EDGE_CURVE ( 'NONE', #3298, #369, #2169, .T. ) ;
#2854 = AXIS2_PLACEMENT_3D ( 'NONE', #380, #2404, #357 ) ;
#2855 = ADVANCED_FACE ( 'NONE', ( #2206 ), #1568, .F. ) ;
#2856 = ORIENTED_EDGE ( 'NONE', *, *, #1468, .T. ) ;
#2857 = SURFACE_STYLE_USAGE ( .BOTH. , #1073 ) ;
#2858 = ORIENTED_EDGE ( 'NONE', *, *, #1273, .T. ) ;
#2859 = VERTEX_POINT ( 'NONE', #2483 ) ;
#2860 = AXIS2_PLACEMENT_3D ( 'NONE', #1289, #1510, #1304 ) ;
#2861 = CYLINDRICAL_SURFACE ( 'NONE', #422, 0.5080000000000001200 ) ;
#2862 = CARTESIAN_POINT ( 'NONE',  ( 8.108950000000000100, 0.0000000000000000000, 0.0000000000000000000 ) ) ;
#2863 = LINE ( 'NONE', #3178, #3220 ) ;
#2864 = LINE ( 'NONE', #387, #2111 ) ;
#2865 = CARTESIAN_POINT ( 'NONE',  ( 7.156449999999999500, -2.637667247737075300, -0.4883701806747005600 ) ) ;
#2866 = LINE ( 'NONE', #1943, #2702 ) ;
#2867 = DIRECTION ( 'NONE',  ( 0.0000000000000000000, 0.0000000000000000000, 1.000000000000000000 ) ) ;
#2868 = LINE ( 'NONE', #1684, #765 ) ;
#2869 = VECTOR ( 'NONE', #1052, 1000.000000000000100 ) ;
#2870 = DIRECTION ( 'NONE',  ( 0.0000000000000000000, 0.0000000000000000000, -1.000000000000000000 ) ) ;
#2871 = ADVANCED_FACE ( 'NONE', ( #3034 ), #1210, .T. ) ;
#2872 = ORIENTED_EDGE ( 'NONE', *, *, #2042, .F. ) ;
#2873 = DIRECTION ( 'NONE',  ( 0.0000000000000000000, 0.0000000000000000000, 1.000000000000000000 ) ) ;
#2874 = CIRCLE ( 'NONE', #3133, 0.5079999999999997900 ) ;
#2875 = EDGE_CURVE ( 'NONE', #2185, #1922, #2432, .T. ) ;
#2876 = AXIS2_PLACEMENT_3D ( 'NONE', #215, #1999, #1453 ) ;
#2877 = CARTESIAN_POINT ( 'NONE',  ( 8.191500000000001300, 0.0000000000000000000, -1.397000000000000000 ) ) ;
#2878 = VERTEX_POINT ( 'NONE', #2491 ) ;
#2879 = DIRECTION ( 'NONE',  ( -1.000000000000000000, -0.0000000000000000000, -0.0000000000000000000 ) ) ;
#2880 = ORIENTED_EDGE ( 'NONE', *, *, #1362, .F. ) ;
#2881 = EDGE_CURVE ( 'NONE', #2427, #1171, #137, .T. ) ;
#2882 = CARTESIAN_POINT ( 'NONE',  ( 8.858250000000000000, 0.07904078947368624300, 1.562100000000059300 ) ) ;
#2883 = DIRECTION ( 'NONE',  ( -1.000000000000000000, 0.0000000000000000000, -0.0000000000000000000 ) ) ;
#2884 = FACE_BOUND ( 'NONE', #2677, .T. ) ;
#2885 = ORIENTED_EDGE ( 'NONE', *, *, #332, .T. ) ;
#2886 = PLANE ( 'NONE',  #170 ) ;
#2887 = FACE_OUTER_BOUND ( 'NONE', #1782, .T. ) ;
#2888 = ORIENTED_EDGE ( 'NONE', *, *, #1613, .F. ) ;
#2889 = CARTESIAN_POINT ( 'NONE',  ( 8.858250000000000000, -4.191000000000002500, -1.106230272153112500 ) ) ;
#2890 = PLANE ( 'NONE',  #3021 ) ;
#2891 = VERTEX_POINT ( 'NONE', #1745 ) ;
#2892 = ADVANCED_FACE ( 'NONE', ( #1519 ), #891, .T. ) ;
#2893 = ORIENTED_EDGE ( 'NONE', *, *, #2214, .T. ) ;
#2894 = DIRECTION ( 'NONE',  ( 0.8602915336341741000, -0.5098023903017329100, 0.0000000000000000000 ) ) ;
#2895 = EDGE_CURVE ( 'NONE', #2464, #2750, #1604, .T. ) ;
#2896 = ORIENTED_EDGE ( 'NONE', *, *, #1668, .F. ) ;
#2897 = ORIENTED_EDGE ( 'NONE', *, *, #205, .F. ) ;
#2898 = VERTEX_POINT ( 'NONE', #757 ) ;
#2899 = EDGE_CURVE ( 'NONE', #525, #637, #853, .T. ) ;
#2900 = AXIS2_PLACEMENT_3D ( 'NONE', #1295, #2773, #1750 ) ;
#2901 = VECTOR ( 'NONE', #852, 1000.000000000000000 ) ;
#2902 = ORIENTED_EDGE ( 'NONE', *, *, #2881, .T. ) ;
#2903 = DIRECTION ( 'NONE',  ( 0.0000000000000000000, -0.9975640502598246400, -0.06975647374411905700 ) ) ;
#2904 = DIRECTION ( 'NONE',  ( 0.09171704949125528100, -0.0000000000000000000, -0.9957851087622361400 ) ) ;
#2905 = VECTOR ( 'NONE', #3252, 1000.000000000000000 ) ;
#2906 = DIRECTION ( 'NONE',  ( 0.0000000000000000000, 0.0000000000000000000, 1.000000000000000000 ) ) ;
#2907 = PLANE ( 'NONE',  #1681 ) ;
#2908 = CARTESIAN_POINT ( 'NONE',  ( 4.705349999999999300, -1.002079768494315700, 0.5080000000000588500 ) ) ;
#2909 = CYLINDRICAL_SURFACE ( 'NONE', #2805, 0.5079999999999997900 ) ;
#2910 = DIRECTION ( 'NONE',  ( 0.0000000000000000000, -0.06975647374412133300, -0.9975640502598245300 ) ) ;
#2911 = VECTOR ( 'NONE', #1726, 1000.000000000000000 ) ;
#2912 = CARTESIAN_POINT ( 'NONE',  ( 2.051049999999999200, -1.586134982358195400, -0.5619004796483803000 ) ) ;
#2913 = CARTESIAN_POINT ( 'NONE',  ( 7.632699999999999800, 9.016999999999999500, -1.397000000000000000 ) ) ;
#2914 = LINE ( 'NONE', #2308, #2585 ) ;
#2915 = EDGE_LOOP ( 'NONE', ( #595, #2797, #2484, #2949 ) ) ;
#2916 = CARTESIAN_POINT ( 'NONE',  ( 6.985128934010153200, 11.78740507614213200, -1.397000000000000000 ) ) ;
#2917 = ORIENTED_EDGE ( 'NONE', *, *, #1164, .F. ) ;
#2918 = CARTESIAN_POINT ( 'NONE',  ( 2.527300000000001200, 8.458199999999996200, -1.397000000000000000 ) ) ;
#2919 = EDGE_CURVE ( 'NONE', #2355, #680, #2283, .T. ) ;
#2920 = ORIENTED_EDGE ( 'NONE', *, *, #1652, .T. ) ;
#2921 = FACE_OUTER_BOUND ( 'NONE', #3211, .T. ) ;
#2922 = CARTESIAN_POINT ( 'NONE',  ( 1.301749999999998900, -4.191000000000003400, -1.106230272153112800 ) ) ;
#2923 = AXIS2_PLACEMENT_3D ( 'NONE', #1823, #3108, #843 ) ;
#2924 = VERTEX_POINT ( 'NONE', #1994 ) ;
#2925 = CARTESIAN_POINT ( 'NONE',  ( 6.407149999999999700, -2.130904710205085100, -0.5238064693367142600 ) ) ;
#2926 = ORIENTED_EDGE ( 'NONE', *, *, #2341, .F. ) ;
#2927 = CARTESIAN_POINT ( 'NONE',  ( 3.003549999999999700, -2.130904710205085100, -0.5238064693367142600 ) ) ;
#2928 = DIRECTION ( 'NONE',  ( 0.0000000000000000000, 0.0000000000000000000, -1.000000000000000000 ) ) ;
#2929 = ORIENTED_EDGE ( 'NONE', *, *, #1503, .F. ) ;
#2930 = DIRECTION ( 'NONE',  ( 0.0000000000000000000, 0.0000000000000000000, -1.000000000000000000 ) ) ;
#2931 = ORIENTED_EDGE ( 'NONE', *, *, #2112, .T. ) ;
#2932 = CARTESIAN_POINT ( 'NONE',  ( 8.858250000000000000, -5.706327223607973000E-017, 1.016000000000059100 ) ) ;
#2933 = VERTEX_POINT ( 'NONE', #2505 ) ;
#2934 = EDGE_CURVE ( 'NONE', #2699, #2437, #56, .T. ) ;
#2935 = EDGE_CURVE ( 'NONE', #2691, #2694, #1165, .T. ) ;
#2936 = EDGE_LOOP ( 'NONE', ( #2333, #1156, #1198, #1324 ) ) ;
#2937 = EDGE_LOOP ( 'NONE', ( #695, #411, #2260, #826 ) ) ;
#2938 = CARTESIAN_POINT ( 'NONE',  ( 0.8254999999999994600, 1.301750000000000900, 3.175000000000000300 ) ) ;
#2939 = CYLINDRICAL_SURFACE ( 'NONE', #85, 1.054100000000000000 ) ;
#2940 = EDGE_CURVE ( 'NONE', #928, #390, #3161, .T. ) ;
#2941 = LINE ( 'NONE', #3148, #1105 ) ;
#2942 = CARTESIAN_POINT ( 'NONE',  ( 0.0000000000000000000, 9.016999999999999500, -7.242470512203169600E-014 ) ) ;
#2943 = AXIS2_PLACEMENT_3D ( 'NONE', #666, #391, #2650 ) ;
#2944 = DIRECTION ( 'NONE',  ( 0.0000000000000000000, 0.9896873708806827000, -0.1432442247327341500 ) ) ;
#2945 = VECTOR ( 'NONE', #1242, 1000.000000000000100 ) ;
#2946 = ORIENTED_EDGE ( 'NONE', *, *, #2881, .F. ) ;
#2947 = DIRECTION ( 'NONE',  ( 0.0000000000000000000, -0.06975647374411947400, 0.9975640502598246400 ) ) ;
#2948 = LINE ( 'NONE', #3160, #1439 ) ;
#2949 = ORIENTED_EDGE ( 'NONE', *, *, #2043, .F. ) ;
#2950 = ORIENTED_EDGE ( 'NONE', *, *, #828, .F. ) ;
#2951 = VECTOR ( 'NONE', #1562, 1000.000000000000000 ) ;
#2952 = ORIENTED_EDGE ( 'NONE', *, *, #2133, .F. ) ;
#2953 = EDGE_CURVE ( 'NONE', #1888, #1256, #578, .T. ) ;
#2954 = AXIS2_PLACEMENT_3D ( 'NONE', #2334, #2812, #48 ) ;
#2955 = CARTESIAN_POINT ( 'NONE',  ( 1.301749999999999500, -1.508842306026307200, 0.5434362886620723900 ) ) ;
#2956 = LINE ( 'NONE', #618, #534 ) ;
#2957 = ORIENTED_EDGE ( 'NONE', *, *, #622, .T. ) ;
#2958 = CARTESIAN_POINT ( 'NONE',  ( 8.108950000000000100, -1.002079768494315900, 1.562100000000058900 ) ) ;
#2959 = CARTESIAN_POINT ( 'NONE',  ( 1.968500000000000600, 3.860799999999998500, -1.397000000000000000 ) ) ;
#2960 = AXIS2_PLACEMENT_3D ( 'NONE', #3095, #553, #1079 ) ;
#2961 = ORIENTED_EDGE ( 'NONE', *, *, #2088, .T. ) ;
#2962 = ORIENTED_EDGE ( 'NONE', *, *, #1, .F. ) ;
#2963 = DIRECTION ( 'NONE',  ( -1.000000000000000000, -0.0000000000000000000, 0.0000000000000000000 ) ) ;
#2964 = ORIENTED_EDGE ( 'NONE', *, *, #131, .F. ) ;
#2965 = ORIENTED_EDGE ( 'NONE', *, *, #1652, .F. ) ;
#2966 = DIRECTION ( 'NONE',  ( 0.0000000000000000000, 0.0000000000000000000, -1.000000000000000000 ) ) ;
#2967 = VECTOR ( 'NONE', #476, 1000.000000000000000 ) ;
#2968 = EDGE_LOOP ( 'NONE', ( #3303, #1814, #2429, #1375 ) ) ;
#2969 = EDGE_CURVE ( 'NONE', #1236, #2603, #288, .T. ) ;
#2970 = AXIS2_PLACEMENT_3D ( 'NONE', #171, #1217, #2440 ) ;
#2971 = FACE_OUTER_BOUND ( 'NONE', #2275, .T. ) ;
#2972 = DIRECTION ( 'NONE',  ( 0.0000000000000000000, -8.228457812241755700E-016, 1.000000000000000000 ) ) ;
#2973 = VECTOR ( 'NONE', #658, 1000.000000000000000 ) ;
#2974 = AXIS2_PLACEMENT_3D ( 'NONE', #521, #763, #3043 ) ;
#2975 = VECTOR ( 'NONE', #537, 1000.000000000000000 ) ;
#2976 = DIRECTION ( 'NONE',  ( 0.0000000000000000000, 0.9975640502598245300, -0.06975647374412179100 ) ) ;
#2977 = DIRECTION ( 'NONE',  ( 1.000000000000000000, -1.552186360036513800E-015, 0.0000000000000000000 ) ) ;
#2978 = CARTESIAN_POINT ( 'NONE',  ( 8.858250000000000000, 0.0000000000000000000, 0.0000000000000000000 ) ) ;
#2979 = SURFACE_STYLE_FILL_AREA ( #2653 ) ;
#2980 = FACE_OUTER_BOUND ( 'NONE', #1497, .T. ) ;
#2981 = DIRECTION ( 'NONE',  ( 0.0000000000000000000, 1.000000000000000000, 0.0000000000000000000 ) ) ;
#2982 = FACE_OUTER_BOUND ( 'NONE', #2364, .T. ) ;
#2983 = CARTESIAN_POINT ( 'NONE',  ( 7.156449999999999500, -2.130904710205085100, -0.5238064693367142600 ) ) ;
#2984 = ORIENTED_EDGE ( 'NONE', *, *, #2738, .F. ) ;
#2985 = EDGE_LOOP ( 'NONE', ( #1121, #3114, #1569, #747 ) ) ;
#2986 = CARTESIAN_POINT ( 'NONE',  ( 10.16000000000000000, 9.906000000000000600, -1.397000000000000000 ) ) ;
#2987 = CIRCLE ( 'NONE', #563, 1.054100000000000000 ) ;
#2988 = CARTESIAN_POINT ( 'NONE',  ( 3.752850000000000000, 0.0000000000000000000, 1.562100000000059300 ) ) ;
#2989 = CARTESIAN_POINT ( 'NONE',  ( 8.108950000000000100, -1.002079768494316800, 1.016000000000058900 ) ) ;
#2990 = DIRECTION ( 'NONE',  ( 0.0000000000000000000, 0.0000000000000000000, 1.000000000000000000 ) ) ;
#2991 = CLOSED_SHELL ( 'NONE', ( #858, #1296, #556, #2760, #982, #2813, #2019, #1834, #2838, #69, #1778, #3122, #773, #1353 ) ) ;
#2992 = EDGE_CURVE ( 'NONE', #2464, #1236, #657, .T. ) ;
#2993 = LINE ( 'NONE', #1102, #2323 ) ;
#2994 = DIRECTION ( 'NONE',  ( 0.0000000000000000000, 0.0000000000000000000, 1.000000000000000000 ) ) ;
#2995 = VERTEX_POINT ( 'NONE', #1057 ) ;
#2996 = DIRECTION ( 'NONE',  ( -1.552186360036513800E-015, 1.000000000000000000, 0.0000000000000000000 ) ) ;
#2997 = EDGE_CURVE ( 'NONE', #254, #22, #1802, .T. ) ;
#2998 = AXIS2_PLACEMENT_3D ( 'NONE', #2850, #1329, #1581 ) ;
#2999 = VERTEX_POINT ( 'NONE', #2287 ) ;
#3000 = DIRECTION ( 'NONE',  ( 0.0000000000000000000, 0.06975647374412132000, 0.9975640502598245300 ) ) ;
#3001 = VERTEX_POINT ( 'NONE', #2062 ) ;
#3002 = CARTESIAN_POINT ( 'NONE',  ( 10.16000000000000000, 9.905999999999998800, 0.0000000000000000000 ) ) ;
#3003 = CARTESIAN_POINT ( 'NONE',  ( 1.301749999999999500, -1.539316187958941700, 0.1076394735970000900 ) ) ;
#3004 = ORIENTED_EDGE ( 'NONE', *, *, #2023, .T. ) ;
#3005 = PLANE ( 'NONE',  #2002 ) ;
#3006 = ORIENTED_EDGE ( 'NONE', *, *, #309, .T. ) ;
#3007 = CARTESIAN_POINT ( 'NONE',  ( 7.632699999999998900, 8.458199999999996200, -1.397000000000000000 ) ) ;
#3008 = VECTOR ( 'NONE', #1347, 1000.000000000000100 ) ;
#3009 = ADVANCED_FACE ( 'NONE', ( #1131 ), #1048, .F. ) ;
#3010 = ORIENTED_EDGE ( 'NONE', *, *, #722, .F. ) ;
#3011 = DIRECTION ( 'NONE',  ( 1.000000000000000000, -0.0000000000000000000, 0.0000000000000000000 ) ) ;
#3012 = EDGE_CURVE ( 'NONE', #1277, #2512, #1049, .T. ) ;
#3013 = CARTESIAN_POINT ( 'NONE',  ( 3.752850000000000000, -5.421010862427522200E-017, 1.016000000000059100 ) ) ;
#3014 = FACE_OUTER_BOUND ( 'NONE', #2555, .T. ) ;
#3015 =( LENGTH_UNIT ( ) NAMED_UNIT ( * ) SI_UNIT ( .MILLI., .METRE. ) );
#3016 = ADVANCED_FACE ( 'NONE', ( #3279 ), #549, .T. ) ;
#3017 = CARTESIAN_POINT ( 'NONE',  ( 2.051049999999999200, -4.191000000000004300, -1.106230272153112800 ) ) ;
#3018 = LINE ( 'NONE', #746, #1186 ) ;
#3019 = FACE_OUTER_BOUND ( 'NONE', #1104, .T. ) ;
#3020 = EDGE_CURVE ( 'NONE', #2999, #709, #2005, .T. ) ;
#3021 = AXIS2_PLACEMENT_3D ( 'NONE', #1116, #863, #2910 ) ;
#3022 = DIRECTION ( 'NONE',  ( 0.0000000000000000000, 0.0000000000000000000, 1.000000000000000000 ) ) ;
#3023 = AXIS2_PLACEMENT_3D ( 'NONE', #1060, #3119, #324 ) ;
#3024 = FACE_OUTER_BOUND ( 'NONE', #864, .T. ) ;
#3025 = DIRECTION ( 'NONE',  ( 1.000000000000000000, 0.0000000000000000000, 0.0000000000000000000 ) ) ;
#3026 = DIRECTION ( 'NONE',  ( 0.0000000000000000000, 0.0000000000000000000, 1.000000000000000000 ) ) ;
#3027 = EDGE_LOOP ( 'NONE', ( #783, #813, #830, #1047 ) ) ;
#3028 = LINE ( 'NONE', #3205, #3229 ) ;
#3029 = DIRECTION ( 'NONE',  ( 0.0000000000000000000, -1.000000000000000000, -2.163903925761482300E-016 ) ) ;
#3030 = ADVANCED_FACE ( 'NONE', ( #2921 ), #1033, .F. ) ;
#3031 = ORIENTED_EDGE ( 'NONE', *, *, #1340, .F. ) ;
#3032 = CARTESIAN_POINT ( 'NONE',  ( 1.301749999999999500, -1.002079768494316300, 0.5080000000000586300 ) ) ;
#3033 = ORIENTED_EDGE ( 'NONE', *, *, #486, .F. ) ;
#3034 = FACE_OUTER_BOUND ( 'NONE', #3256, .T. ) ;
#3035 = ORIENTED_EDGE ( 'NONE', *, *, #2200, .F. ) ;
#3036 = CARTESIAN_POINT ( 'NONE',  ( 7.156449999999999500, -1.002079768494316800, 1.016000000000058900 ) ) ;
#3037 = VECTOR ( 'NONE', #2842, 1000.000000000000000 ) ;
#3038 = CARTESIAN_POINT ( 'NONE',  ( 10.16000000000000000, 9.905999999999998800, -1.397000000000000000 ) ) ;
#3039 = VERTEX_POINT ( 'NONE', #3036 ) ;
#3040 = EDGE_CURVE ( 'NONE', #12, #924, #3118, .T. ) ;
#3041 = AXIS2_PLACEMENT_3D ( 'NONE', #3216, #1694, #2972 ) ;
#3042 = PLANE ( 'NONE',  #111 ) ;
#3043 = DIRECTION ( 'NONE',  ( 0.0000000000000000000, 1.707404996040165200E-015, 1.000000000000000000 ) ) ;
#3044 = EDGE_LOOP ( 'NONE', ( #61, #185, #1755, #1862, #2651, #2098, #1837, #1282, #2695, #217, #554, #739 ) ) ;
#3045 = AXIS2_PLACEMENT_3D ( 'NONE', #21, #282, #2070 ) ;
#3046 = VERTEX_POINT ( 'NONE', #526 ) ;
#3047 = DIRECTION ( 'NONE',  ( 0.0000000000000000000, 0.1432442247327341300, 0.9896873708806825900 ) ) ;
#3048 = ORIENTED_EDGE ( 'NONE', *, *, #558, .F. ) ;
#3049 = PLANE ( 'NONE',  #977 ) ;
#3050 = ORIENTED_EDGE ( 'NONE', *, *, #3238, .T. ) ;
#3051 = ORIENTED_EDGE ( 'NONE', *, *, #2200, .T. ) ;
#3052 = CARTESIAN_POINT ( 'NONE',  ( 7.632699999999998900, 8.458199999999996200, 0.0000000000000000000 ) ) ;
#3053 = FACE_OUTER_BOUND ( 'NONE', #1443, .T. ) ;
#3054 = VERTEX_POINT ( 'NONE', #2576 ) ;
#3055 = CARTESIAN_POINT ( 'NONE',  ( 1.633722493597172400E-014, 0.3492500000000001200, -1.397000000000001600 ) ) ;
#3056 = VECTOR ( 'NONE', #516, 1000.000000000000100 ) ;
#3057 = VECTOR ( 'NONE', #1585, 1000.000000000000000 ) ;
#3058 = CARTESIAN_POINT ( 'NONE',  ( 6.407149999999999700, -1.002079768494316300, 0.5080000000000586300 ) ) ;
#3059 = EDGE_CURVE ( 'NONE', #2185, #637, #1760, .T. ) ;
#3060 = AXIS2_PLACEMENT_3D ( 'NONE', #1257, #2534, #2248 ) ;
#3061 = CARTESIAN_POINT ( 'NONE',  ( 7.156449999999999500, 0.0000000000000000000, 1.562100000000059300 ) ) ;
#3062 = VECTOR ( 'NONE', #1700, 1000.000000000000000 ) ;
#3063 = VECTOR ( 'NONE', #1810, 1000.000000000000200 ) ;
#3064 = CARTESIAN_POINT ( 'NONE',  ( 0.0000000000000000000, 0.0000000000000000000, -1.397000000000000000 ) ) ;
#3065 = ADVANCED_FACE ( 'NONE', ( #493 ), #253, .T. ) ;
#3066 = EDGE_CURVE ( 'NONE', #149, #2699, #2841, .T. ) ;
#3067 = CARTESIAN_POINT ( 'NONE',  ( 8.191500000000001300, 8.458199999999996200, 0.0000000000000000000 ) ) ;
#3068 = ORIENTED_EDGE ( 'NONE', *, *, #2638, .F. ) ;
#3069 = LINE ( 'NONE', #1162, #572 ) ;
#3070 = DIRECTION ( 'NONE',  ( -0.0000000000000000000, -1.000000000000000000, -0.0000000000000000000 ) ) ;
#3071 = DIRECTION ( 'NONE',  ( 0.0000000000000000000, -0.06975647374411907100, 0.9975640502598247500 ) ) ;
#3072 = EDGE_LOOP ( 'NONE', ( #1327, #1941, #3110, #780 ) ) ;
#3073 = CARTESIAN_POINT ( 'NONE',  ( 5.454649999999999100, -5.421010862427522200E-017, 1.016000000000059100 ) ) ;
#3074 = CARTESIAN_POINT ( 'NONE',  ( 7.156449999999999500, -4.191000000000004300, -1.106230272153112800 ) ) ;
#3075 = ORIENTED_EDGE ( 'NONE', *, *, #2789, .F. ) ;
#3076 = FILL_AREA_STYLE ('',( #1564 ) ) ;
#3077 = SHAPE_DEFINITION_REPRESENTATION ( #1630, #3241 ) ;
#3078 = CARTESIAN_POINT ( 'NONE',  ( 0.4445000000000000100, 8.458199999999999700, 3.429000000000000700 ) ) ;
#3079 = VERTEX_POINT ( 'NONE', #2551 ) ;
#3080 = FACE_OUTER_BOUND ( 'NONE', #1371, .T. ) ;
#3081 = ORIENTED_EDGE ( 'NONE', *, *, #2048, .F. ) ;
#3082 = CARTESIAN_POINT ( 'NONE',  ( 1.301749999999999500, -2.130904710205085100, -0.5238064693367142600 ) ) ;
#3083 = CARTESIAN_POINT ( 'NONE',  ( 8.191500000000001300, 8.458199999999996200, 0.0000000000000000000 ) ) ;
#3084 = ORIENTED_EDGE ( 'NONE', *, *, #1869, .F. ) ;
#3085 = DIRECTION ( 'NONE',  ( 1.000000000000000000, -0.0000000000000000000, 0.0000000000000000000 ) ) ;
#3086 = DIRECTION ( 'NONE',  ( 0.0000000000000000000, 0.9896873708806827000, -0.1432442247327341500 ) ) ;
#3087 = EDGE_CURVE ( 'NONE', #1524, #244, #329, .T. ) ;
#3088 = AXIS2_PLACEMENT_3D ( 'NONE', #2363, #1883, #1896 ) ;
#3089 = EDGE_LOOP ( 'NONE', ( #199, #2405, #2858, #1283, #1992, #1021, #1622, #2392, #2762, #3250, #2178, #2893 ) ) ;
#3090 = ADVANCED_FACE ( 'NONE', ( #456 ), #1926, .T. ) ;
#3091 = ORIENTED_EDGE ( 'NONE', *, *, #1130, .F. ) ;
#3092 = CARTESIAN_POINT ( 'NONE',  ( 10.15999999999998400, 0.0000000000000000000, -1.397000000000002000 ) ) ;
#3093 = CARTESIAN_POINT ( 'NONE',  ( 4.705349999999999300, -1.002079768494316300, 0.5080000000000586300 ) ) ;
#3094 = VECTOR ( 'NONE', #451, 1000.000000000000000 ) ;
#3095 = CARTESIAN_POINT ( 'NONE',  ( 0.0000000000000000000, 8.458199999999996200, 0.0000000000000000000 ) ) ;
#3096 = ORIENTED_EDGE ( 'NONE', *, *, #309, .F. ) ;
#3097 = CARTESIAN_POINT ( 'NONE',  ( 3.003549999999999700, -2.198526388573793300E-016, 1.016000000000059100 ) ) ;
#3098 = VECTOR ( 'NONE', #1185, 1000.000000000000000 ) ;
#3099 = LINE ( 'NONE', #2144, #1744 ) ;
#3100 = PLANE ( 'NONE',  #1875 ) ;
#3101 = ADVANCED_FACE ( 'NONE', ( #1005, #2884 ), #2610, .T. ) ;
#3102 = LINE ( 'NONE', #630, #1358 ) ;
#3103 = CARTESIAN_POINT ( 'NONE',  ( 1.968500000000000100, 1.301750000000000900, 3.175000000000000300 ) ) ;
#3104 = CARTESIAN_POINT ( 'NONE',  ( 10.15999999999998400, 0.3492500000000001200, -1.397000000000002000 ) ) ;
#3105 = EDGE_CURVE ( 'NONE', #2723, #2924, #1717, .T. ) ;
#3106 = VECTOR ( 'NONE', #2052, 1000.000000000000100 ) ;
#3107 = EDGE_CURVE ( 'NONE', #3242, #706, #2400, .T. ) ;
#3108 = DIRECTION ( 'NONE',  ( 0.0000000000000000000, 4.011401557374117600E-016, -1.000000000000000000 ) ) ;
#3109 = LINE ( 'NONE', #1042, #1075 ) ;
#3110 = ORIENTED_EDGE ( 'NONE', *, *, #1590, .F. ) ;
#3111 = EDGE_CURVE ( 'NONE', #2092, #2328, #2993, .T. ) ;
#3112 = DIRECTION ( 'NONE',  ( 1.000000000000000000, -0.0000000000000000000, 0.0000000000000000000 ) ) ;
#3113 = LINE ( 'NONE', #1641, #1956 ) ;
#3114 = ORIENTED_EDGE ( 'NONE', *, *, #1404, .T. ) ;
#3115 = PRODUCT_DEFINITION ( 'UNKNOWN', '', #839, #2649 ) ;
#3116 = VERTEX_POINT ( 'NONE', #343 ) ;
#3117 = DIRECTION ( 'NONE',  ( 0.0000000000000000000, -8.537024980200819800E-016, 1.000000000000000000 ) ) ;
#3118 = LINE ( 'NONE', #2293, #2361 ) ;
#3119 = DIRECTION ( 'NONE',  ( 0.0000000000000000000, 0.9896873708806837000, -0.1432442247327271600 ) ) ;
#3120 =( LENGTH_UNIT ( ) NAMED_UNIT ( * ) SI_UNIT ( .MILLI., .METRE. ) );
#3121 = EDGE_LOOP ( 'NONE', ( #276, #732, #1968, #2213 ) ) ;
#3122 = ADVANCED_FACE ( 'NONE', ( #3080 ), #97, .F. ) ;
#3123 = PLANE ( 'NONE',  #692 ) ;
#3124 = CARTESIAN_POINT ( 'NONE',  ( 8.108950000000000100, 1.355252715606882100E-017, 1.016000000000059300 ) ) ;
#3125 = ORIENTED_EDGE ( 'NONE', *, *, #2997, .F. ) ;
#3126 = ORIENTED_EDGE ( 'NONE', *, *, #2591, .T. ) ;
#3127 = DIRECTION ( 'NONE',  ( 0.0000000000000000000, 0.0000000000000000000, -1.000000000000000000 ) ) ;
#3128 = EDGE_CURVE ( 'NONE', #2427, #928, #964, .T. ) ;
#3129 = EDGE_LOOP ( 'NONE', ( #1216, #2158, #187, #1496 ) ) ;
#3130 = CARTESIAN_POINT ( 'NONE',  ( 3.003549999999999700, -2.637667247737075300, -0.4883701806747005600 ) ) ;
#3131 = CARTESIAN_POINT ( 'NONE',  ( 5.454649999999999100, 0.0000000000000000000, 1.016000000000058900 ) ) ;
#3132 = EDGE_CURVE ( 'NONE', #2324, #1561, #734, .T. ) ;
#3133 = AXIS2_PLACEMENT_3D ( 'NONE', #641, #866, #2906 ) ;
#3134 = EDGE_LOOP ( 'NONE', ( #434, #2309, #2917, #1856 ) ) ;
#3135 = DIRECTION ( 'NONE',  ( 1.000000000000000000, 0.0000000000000000000, 0.0000000000000000000 ) ) ;
#3136 = VERTEX_POINT ( 'NONE', #1077 ) ;
#3137 = ORIENTED_EDGE ( 'NONE', *, *, #3128, .F. ) ;
#3138 = AXIS2_PLACEMENT_3D ( 'NONE', #1626, #3135, #124 ) ;
#3139 = CARTESIAN_POINT ( 'NONE',  ( 0.0000000000000000000, 9.016999999999999500, -1.397000000000000000 ) ) ;
#3140 = ADVANCED_FACE ( 'NONE', ( #370 ), #2086, .F. ) ;
#3141 = FACE_OUTER_BOUND ( 'NONE', #598, .T. ) ;
#3142 = VERTEX_POINT ( 'NONE', #335 ) ;
#3143 = VECTOR ( 'NONE', #2748, 1000.000000000000000 ) ;
#3144 = VECTOR ( 'NONE', #3265, 1000.000000000000000 ) ;
#3145 = DIRECTION ( 'NONE',  ( 0.0000000000000000000, -0.9975640502598246400, -0.06975647374411905700 ) ) ;
#3146 = CIRCLE ( 'NONE', #3041, 1.054100000000000000 ) ;
#3147 = LINE ( 'NONE', #396, #1472 ) ;
#3148 = CARTESIAN_POINT ( 'NONE',  ( 6.407149999999999700, -0.1440352721723030200, 0.02084721044599177300 ) ) ;
#3149 = LINE ( 'NONE', #975, #443 ) ;
#3150 = DIRECTION ( 'NONE',  ( 0.0000000000000000000, -8.228457812241755700E-016, 1.000000000000000000 ) ) ;
#3151 = LINE ( 'NONE', #1372, #2541 ) ;
#3152 = EDGE_CURVE ( 'NONE', #1759, #2099, #490, .T. ) ;
#3153 = AXIS2_PLACEMENT_3D ( 'NONE', #1168, #2441, #2930 ) ;
#3154 = ORIENTED_EDGE ( 'NONE', *, *, #2022, .F. ) ;
#3155 = VERTEX_POINT ( 'NONE', #70 ) ;
#3156 = CARTESIAN_POINT ( 'NONE',  ( 2.051049999999999200, -1.002079768494315900, 1.562100000000059100 ) ) ;
#3157 = DIRECTION ( 'NONE',  ( -0.0000000000000000000, 0.9975640502598246400, 0.06975647374411947400 ) ) ;
#3158 = VECTOR ( 'NONE', #307, 1000.000000000000100 ) ;
#3159 = ORIENTED_EDGE ( 'NONE', *, *, #644, .F. ) ;
#3160 = CARTESIAN_POINT ( 'NONE',  ( 7.632699999999987400, -1.184737283025067600E-014, -1.397000000000000000 ) ) ;
#3161 = LINE ( 'NONE', #2516, #2754 ) ;
#3162 = DIRECTION ( 'NONE',  ( -0.0000000000000000000, 1.000000000000000000, 0.0000000000000000000 ) ) ;
#3163 = ORIENTED_EDGE ( 'NONE', *, *, #315, .T. ) ;
#3164 = DIRECTION ( 'NONE',  ( -0.0000000000000000000, -0.0000000000000000000, 1.000000000000000000 ) ) ;
#3165 = ORIENTED_EDGE ( 'NONE', *, *, #2849, .T. ) ;
#3166 = CARTESIAN_POINT ( 'NONE',  ( 7.156449999999999500, -5.706327223607973000E-017, 1.016000000000059100 ) ) ;
#3167 = CARTESIAN_POINT ( 'NONE',  ( 6.407149999999999700, -1.539316187958941700, 0.1076394735970000900 ) ) ;
#3168 = VERTEX_POINT ( 'NONE', #2588 ) ;
#3169 = CARTESIAN_POINT ( 'NONE',  ( 3.752850000000000000, -1.508842306026307200, 0.5434362886620723900 ) ) ;
#3170 = EDGE_CURVE ( 'NONE', #633, #785, #1714, .T. ) ;
#3171 = ORIENTED_EDGE ( 'NONE', *, *, #1874, .F. ) ;
#3172 = PRODUCT_CONTEXT ( 'NONE', #2166, 'mechanical' ) ;
#3173 = ORIENTED_EDGE ( 'NONE', *, *, #1230, .F. ) ;
#3174 = CARTESIAN_POINT ( 'NONE',  ( 2.051049999999999200, -2.602230959075063000, -0.9951327182066916900 ) ) ;
#3175 = EDGE_CURVE ( 'NONE', #1140, #172, #1839, .T. ) ;
#3176 = FACE_OUTER_BOUND ( 'NONE', #1539, .T. ) ;
#3177 = ORIENTED_EDGE ( 'NONE', *, *, #1572, .F. ) ;
#3178 = CARTESIAN_POINT ( 'NONE',  ( 0.0000000000000000000, 0.0000000000000000000, -1.397000000000000000 ) ) ;
#3179 = DIRECTION ( 'NONE',  ( -1.000000000000000000, -0.0000000000000000000, -0.0000000000000000000 ) ) ;
#3180 = CIRCLE ( 'NONE', #2834, 0.5080000000000001200 ) ;
#3181 = CARTESIAN_POINT ( 'NONE',  ( 4.705349999999998400, 0.09467949703534367400, -1.353979888455918400 ) ) ;
#3182 = DIRECTION ( 'NONE',  ( 0.0000000000000000000, -2.163903925761482300E-016, 1.000000000000000000 ) ) ;
#3183 = LINE ( 'NONE', #1459, #3143 ) ;
#3184 =( NAMED_UNIT ( * ) SI_UNIT ( $, .STERADIAN. ) SOLID_ANGLE_UNIT ( ) );
#3185 = DIRECTION ( 'NONE',  ( 0.0000000000000000000, 1.000000000000000000, 0.0000000000000000000 ) ) ;
#3186 = FACE_OUTER_BOUND ( 'NONE', #420, .T. ) ;
#3187 = CARTESIAN_POINT ( 'NONE',  ( 1.301749999999999500, -2.084085915805831100, 0.1457334839086657200 ) ) ;
#3188 = DIRECTION ( 'NONE',  ( 0.0000000000000000000, -0.06975647374411947400, 0.9975640502598246400 ) ) ;
#3189 = LINE ( 'NONE', #1786, #2496 ) ;
#3190 = VERTEX_POINT ( 'NONE', #2602 ) ;
#3191 = DIRECTION ( 'NONE',  ( 0.0000000000000000000, -0.9975640502598246400, -0.06975647374411905700 ) ) ;
#3192 = CARTESIAN_POINT ( 'NONE',  ( 4.705349999999998400, -2.564136948763400300, -1.539902446053583100 ) ) ;
#3193 = LINE ( 'NONE', #596, #2589 ) ;
#3194 = ORIENTED_EDGE ( 'NONE', *, *, #3152, .T. ) ;
#3195 = EDGE_CURVE ( 'NONE', #1203, #1016, #2987, .T. ) ;
#3196 = SURFACE_SIDE_STYLE ('',( #1831 ) ) ;
#3197 = ORIENTED_EDGE ( 'NONE', *, *, #1164, .T. ) ;
#3198 = VECTOR ( 'NONE', #1771, 1000.000000000000000 ) ;
#3199 = CARTESIAN_POINT ( 'NONE',  ( 0.0000000000000000000, 0.0000000000000000000, 0.0000000000000000000 ) ) ;
#3200 = DIRECTION ( 'NONE',  ( -1.000000000000000000, -0.0000000000000000000, 0.0000000000000000000 ) ) ;
#3201 = ORIENTED_EDGE ( 'NONE', *, *, #1763, .T. ) ;
#3202 = VECTOR ( 'NONE', #1847, 1000.000000000000000 ) ;
#3203 = PLANE ( 'NONE',  #132 ) ;
#3204 = ORIENTED_EDGE ( 'NONE', *, *, #1869, .T. ) ;
#3205 = CARTESIAN_POINT ( 'NONE',  ( 2.527300000000001200, 0.0000000000000000000, 0.0000000000000000000 ) ) ;
#3206 = EDGE_LOOP ( 'NONE', ( #3010, #1582, #586, #2486 ) ) ;
#3207 = CARTESIAN_POINT ( 'NONE',  ( 3.752850000000000000, 0.07904078947368624300, 1.562100000000059300 ) ) ;
#3208 = FILL_AREA_STYLE_COLOUR ( '', #2457 ) ;
#3209 = EDGE_LOOP ( 'NONE', ( #2689, #429, #983, #2561 ) ) ;
#3210 = DIRECTION ( 'NONE',  ( 0.0000000000000000000, -1.000000000000000000, 0.0000000000000000000 ) ) ;
#3211 = EDGE_LOOP ( 'NONE', ( #3218, #3286, #2330, #3159 ) ) ;
#3212 = CARTESIAN_POINT ( 'NONE',  ( 2.527300000000000800, 9.016999999999999500, -1.397000000000000000 ) ) ;
#3213 = EDGE_CURVE ( 'NONE', #347, #2891, #694, .T. ) ;
#3214 = ORIENTED_EDGE ( 'NONE', *, *, #1688, .T. ) ;
#3215 = ORIENTED_EDGE ( 'NONE', *, *, #2539, .T. ) ;
#3216 = CARTESIAN_POINT ( 'NONE',  ( 2.051049999999999200, -2.637667247737076200, -0.4883701806747018900 ) ) ;
#3217 = LINE ( 'NONE', #296, #2530 ) ;
#3218 = ORIENTED_EDGE ( 'NONE', *, *, #2829, .T. ) ;
#3219 = AXIS2_PLACEMENT_3D ( 'NONE', #193, #225, #2015 ) ;
#3220 = VECTOR ( 'NONE', #2180, 1000.000000000000000 ) ;
#3221 = VECTOR ( 'NONE', #1594, 1000.000000000000000 ) ;
#3222 = PLANE ( 'NONE',  #1618 ) ;
#3223 = DIRECTION ( 'NONE',  ( 0.0000000000000000000, 0.1432442247327341300, 0.9896873708806825900 ) ) ;
#3224 = VECTOR ( 'NONE', #409, 1000.000000000000100 ) ;
#3225 = FACE_OUTER_BOUND ( 'NONE', #2968, .T. ) ;
#3226 = FACE_OUTER_BOUND ( 'NONE', #1335, .T. ) ;
#3227 = DIRECTION ( 'NONE',  ( 0.0000000000000000000, -0.0000000000000000000, -1.000000000000000000 ) ) ;
#3228 = ORIENTED_EDGE ( 'NONE', *, *, #1103, .F. ) ;
#3229 = VECTOR ( 'NONE', #900, 1000.000000000000000 ) ;
#3230 = DIRECTION ( 'NONE',  ( -0.0000000000000000000, 0.0000000000000000000, 1.000000000000000000 ) ) ;
#3231 = ORIENTED_EDGE ( 'NONE', *, *, #951, .F. ) ;
#3232 = DIRECTION ( 'NONE',  ( -1.000000000000000000, -0.0000000000000000000, -0.0000000000000000000 ) ) ;
#3233 = EDGE_CURVE ( 'NONE', #11, #1076, #1565, .T. ) ;
#3234 = VERTEX_POINT ( 'NONE', #1338 ) ;
#3235 = CARTESIAN_POINT ( 'NONE',  ( 2.051049999999999200, -5.421010862427522200E-017, 1.016000000000059100 ) ) ;
#3236 = LINE ( 'NONE', #1892, #619 ) ;
#3237 = EDGE_LOOP ( 'NONE', ( #1536, #139, #1381, #2719 ) ) ;
#3238 = EDGE_CURVE ( 'NONE', #1294, #2179, #3236, .T. ) ;
#3239 = PLANE ( 'NONE',  #2970 ) ;
#3240 = VECTOR ( 'NONE', #2127, 1000.000000000000100 ) ;
#3241 = ADVANCED_BREP_SHAPE_REPRESENTATION ( 'MIC29302WU', ( #1917, #2164, #1809, #322, #384, #2436, #2300, #301 ), #2162 ) ;
#3242 = VERTEX_POINT ( 'NONE', #2401 ) ;
#3243 = DIRECTION ( 'NONE',  ( 0.0000000000000000000, 0.9975640502598246400, 0.06975647374411900200 ) ) ;
#3244 = DIRECTION ( 'NONE',  ( -1.000000000000000000, -0.0000000000000000000, -0.0000000000000000000 ) ) ;
#3245 =( NAMED_UNIT ( * ) SI_UNIT ( $, .STERADIAN. ) SOLID_ANGLE_UNIT ( ) );
#3246 = AXIS2_PLACEMENT_3D ( 'NONE', #827, #1114, #565 ) ;
#3247 = EDGE_LOOP ( 'NONE', ( #3126, #2769, #1692, #1158 ) ) ;
#3248 = CARTESIAN_POINT ( 'NONE',  ( 0.0000000000000000000, 3.860799999999998500, 0.0000000000000000000 ) ) ;
#3249 = ORIENTED_EDGE ( 'NONE', *, *, #2804, .T. ) ;
#3250 = ORIENTED_EDGE ( 'NONE', *, *, #2215, .T. ) ;
#3251 = DIRECTION ( 'NONE',  ( 1.000000000000000000, 0.0000000000000000000, 0.0000000000000000000 ) ) ;
#3252 = DIRECTION ( 'NONE',  ( 1.000000000000000000, -0.0000000000000000000, 0.0000000000000000000 ) ) ;
#3253 = ORIENTED_EDGE ( 'NONE', *, *, #687, .T. ) ;
#3254 = CARTESIAN_POINT ( 'NONE',  ( 8.858250000000000000, 0.0000000000000000000, 1.016000000000059300 ) ) ;
#3255 = LINE ( 'NONE', #1774, #1463 ) ;
#3256 = EDGE_LOOP ( 'NONE', ( #3006, #2550, #168, #1316 ) ) ;
#3257 = EDGE_CURVE ( 'NONE', #1767, #690, #13, .T. ) ;
#3258 = CARTESIAN_POINT ( 'NONE',  ( 5.454649999999999100, -4.191000000000001600, -1.106230272153112300 ) ) ;
#3259 = CYLINDRICAL_SURFACE ( 'NONE', #291, 0.5079999999999997900 ) ;
#3260 = CARTESIAN_POINT ( 'NONE',  ( 5.454649999999999100, -2.602230959075063000, -0.9951327182066916900 ) ) ;
#3261 = LINE ( 'NONE', #2375, #1269 ) ;
#3262 = AXIS2_PLACEMENT_3D ( 'NONE', #345, #1607, #91 ) ;
#3263 = CARTESIAN_POINT ( 'NONE',  ( 7.156449999999999500, -1.539316187958941700, 0.1076394735970000900 ) ) ;
#3264 = PLANE ( 'NONE',  #1962 ) ;
#3265 = DIRECTION ( 'NONE',  ( 1.000000000000000000, 0.0000000000000000000, 0.0000000000000000000 ) ) ;
#3266 = LINE ( 'NONE', #2159, #2156 ) ;
#3267 = ORIENTED_EDGE ( 'NONE', *, *, #1507, .T. ) ;
#3268 = PLANE ( 'NONE',  #2876 ) ;
#3269 = CIRCLE ( 'NONE', #857, 1.054100000000000000 ) ;
#3270 = DIRECTION ( 'NONE',  ( 0.0000000000000000000, -0.0000000000000000000, -1.000000000000000000 ) ) ;
#3271 = EDGE_LOOP ( 'NONE', ( #1860, #1614, #1800, #2500 ) ) ;
#3272 = LINE ( 'NONE', #1392, #2122 ) ;
#3273 = EDGE_LOOP ( 'NONE', ( #667, #1476, #1670, #1603 ) ) ;
#3274 = FACE_OUTER_BOUND ( 'NONE', #2397, .T. ) ;
#3275 = CARTESIAN_POINT ( 'NONE',  ( 8.108950000000000100, -2.198526388573793300E-016, 1.016000000000059100 ) ) ;
#3276 = ORIENTED_EDGE ( 'NONE', *, *, #1169, .T. ) ;
#3277 = EDGE_CURVE ( 'NONE', #390, #299, #2714, .T. ) ;
#3278 = EDGE_CURVE ( 'NONE', #1631, #698, #2317, .T. ) ;
#3279 = FACE_OUTER_BOUND ( 'NONE', #2398, .T. ) ;
#3280 = CARTESIAN_POINT ( 'NONE',  ( 5.454649999999999100, -1.002079768494316300, 0.5080000000000586300 ) ) ;
#3281 = CARTESIAN_POINT ( 'NONE',  ( 8.858250000000000000, -2.564136948763400300, -1.539902446053583100 ) ) ;
#3282 = ORIENTED_EDGE ( 'NONE', *, *, #1182, .T. ) ;
#3283 = LINE ( 'NONE', #1132, #1204 ) ;
#3284 = EDGE_CURVE ( 'NONE', #1947, #2595, #2639, .T. ) ;
#3285 = AXIS2_PLACEMENT_3D ( 'NONE', #431, #683, #163 ) ;
#3286 = ORIENTED_EDGE ( 'NONE', *, *, #19, .F. ) ;
#3287 = CARTESIAN_POINT ( 'NONE',  ( 0.0000000000000000000, 8.458199999999996200, 0.0000000000000000000 ) ) ;
#3288 = ADVANCED_FACE ( 'NONE', ( #367 ), #881, .T. ) ;
#3289 = ORIENTED_EDGE ( 'NONE', *, *, #1521, .T. ) ;
#3290 = CARTESIAN_POINT ( 'NONE',  ( 7.156449999999999500, -1.002079768494316300, 0.5080000000000586300 ) ) ;
#3291 =( LENGTH_UNIT ( ) NAMED_UNIT ( * ) SI_UNIT ( .MILLI., .METRE. ) );
#3292 = DIRECTION ( 'NONE',  ( 0.0000000000000000000, -0.06975647374412180500, -0.9975640502598245300 ) ) ;
#3293 = ORIENTED_EDGE ( 'NONE', *, *, #971, .T. ) ;
#3294 = PLANE ( 'NONE',  #1977 ) ;
#3295 = PLANE ( 'NONE',  #3219 ) ;
#3296 = ORIENTED_EDGE ( 'NONE', *, *, #3132, .T. ) ;
#3297 = CARTESIAN_POINT ( 'NONE',  ( 8.108950000000000100, -2.602230959075063000, -0.9951327182066919100 ) ) ;
#3298 = VERTEX_POINT ( 'NONE', #2918 ) ;
#3299 = VERTEX_POINT ( 'NONE', #1905 ) ;
#3300 = DIRECTION ( 'NONE',  ( 1.000000000000000000, 0.0000000000000000000, 0.0000000000000000000 ) ) ;
#3301 = CYLINDRICAL_SURFACE ( 'NONE', #1189, 0.5715000000000003400 ) ;
#3302 = FILL_AREA_STYLE ('',( #506 ) ) ;
#3303 = ORIENTED_EDGE ( 'NONE', *, *, #3105, .F. ) ;
#3304 = CARTESIAN_POINT ( 'NONE',  ( 3.752850000000000000, -6.266210372774345600E-016, 1.562100000000059300 ) ) ;
#3305 = ADVANCED_FACE ( 'NONE', ( #3274 ), #2907, .F. ) ;
#3306 = LINE ( 'NONE', #1479, #1865 ) ;
#3307 = LINE ( 'NONE', #821, #230 ) ;
ENDSEC;
END-ISO-10303-21;
